name,D/d=1.05,D/d=1.05,D/d=1.10,D/d=1.10,D/d=1.15,D/d=1.15,D/d=1.3,D/d=1.3,D/d=1.5,D/d=1.5,D/d=2,D/d=2,Semi-circular,Semi-circular
axis,r/d,K<sub>t</sub>,r/d,K<sub>t</sub>,r/d,K<sub>t</sub>,r/d,K<sub>t</sub>,r/d,K<sub>t</sub>,r/d,K<sub>t</sub>,r/d,K<sub>t</sub>
0,0.025258326,2.9687629407285625,0.041757627,2.9972861020970742,0.047966111,2.994392399955826,0.055203528,3.0127320577660015,0.058893681,3.001777617196999,0.062119413,3.0011200036622068,0.003382979,3.0093465812975535
1,0.026593638351758795,2.9211035985153653,0.04299283112562814,2.9570972394147317,0.049168065989949744,2.9596666594928562,0.05636155743718593,2.9826766632704365,0.060028995964824125,2.973885236880423,0.06323240933165829,2.9756375236709967,0.004795683452261307,2.9809815964992192
2,0.02792895070351759,2.87435948415582,0.04422803525125628,2.9176391929684744,0.050370020979899496,2.925522018698336,0.057519586874371864,2.95303442847887,0.06116431092964825,2.94636656456194,0.06434540566331658,2.950454112812441,0.006208387904522613,2.9530071693681132
3,0.029264263055276383,2.8285177539215463,0.04546323937688442,2.8789018261513606,0.05157197596984925,2.8919507738543264,0.05867761631155779,2.9238012169417704,0.06229962589447237,2.9192177024777157,0.06545840199497487,2.9255672288694234,0.00762109235678392,2.9254188131853955
4,0.030599575407035177,2.7835656548226946,0.04669844350251256,2.8408750744244355,0.052773930959798994,2.8589452747496873,0.05983564574874372,2.8949729115418554,0.06343494085929649,2.8924347735180476,0.06657139832663317,2.900974338779633,0.009033796809045227,2.898212069386114
5,0.031934887758793974,2.7394905246079455,0.0479336476281407,2.80354894531673,0.05397588594974874,2.826497924680081,0.06099367518592965,2.866545414494091,0.06457025582412061,2.866013921227372,0.06768439465829146,2.876672918635566,0.010446501261306532,2.871382507559207
6,0.03327020011055277,2.6962797917645123,0.04916885175376884,2.7669135184252642,0.05517784093969849,2.794601180447972,0.06215170462311558,2.8385146473456957,0.06570557078894473,2.839951309804258,0.06879739098994975,2.85266045368452,0.01185920571356784,2.8449257254475
7,0.03460551246231156,2.6539209755181368,0.05040405587939698,2.7309589454150425,0.056379795929648244,2.763247552362624,0.0633097340603015,2.810876550976136,0.06684088575376884,2.814243124101411,0.06991038732160804,2.828934438328601,0.013271910165829145,2.8188373489477088
8,0.035940824814070356,2.6124016858330927,0.051639260005025125,2.6956754500190576,0.05758175091959799,2.7324296042401057,0.06446776349748744,2.783627085597131,0.06797620071859296,2.7888855696256716,0.07102338365326633,2.805492376124717,0.014684614618090452,2.793113032110437
9,0.03727613716582915,2.5717096234121843,0.05287446413065326,2.6610533280382893,0.058783705909547734,2.702139953403286,0.06562579293467337,2.7567622307526456,0.06911151568341709,2.763874872538015,0.07213637998492461,2.7823317797845832,0.01609731907035176,2.7677484571401765
10,0.038611449517587944,2.5318325796967454,0.054109668256281405,2.627082947341703,0.05998566089949749,2.672371270681833,0.0667838223718593,2.730277985318898,0.0702468306482412,2.7392072796535527,0.0732493763165829,2.759450171174719,0.017510023522613067,2.74273933439531
11,0.03994676186934674,2.492758436866643,0.05534487238190955,2.593754747866251,0.06118761588944724,2.643116280412221,0.06794185180904523,2.7041703675043562,0.07138214561306533,2.7148790584415305,0.0743623726482412,2.736845081316449,0.018922727974874372,2.7180814023881075
12,0.04128207422110553,2.4544751678402728,0.056580076507537685,2.561059241616874,0.062389570879396984,2.6143677604377227,0.06909988124623116,2.678435414849736,0.07251746057788945,2.6908864970253292,0.0754753689798995,2.714514050385902,0.02033543242713568,2.6937704277847283
13,0.042617386572864326,2.4169708362745617,0.05781528063316582,2.528987012666498,0.06359152586934673,2.5861185421084123,0.0702579106834171,2.6530691842280048,0.07365277554271357,2.667225904182467,0.07658836531155779,2.6924546277140133,0.021748136879396987,2.6698022054052206
14,0.04395269892462312,2.3802335965649677,0.05905048475879397,2.4975287171560354,0.06479348085929648,2.5583615102811677,0.07141594012060301,2.6280677518443794,0.0747880905075377,2.643893609344594,0.07770136164321607,2.6706643717865215,0.023160841331658293,2.6461725582235216
15,0.04528801127638191,2.3442516938454796,0.06028568888442211,2.4666750832943887,0.06599543584924623,2.531089603319667,0.07257396955778894,2.603427213236327,0.07592340547236182,2.620885962597498,0.07881435797487436,2.6491408502439713,0.0245735457839196,2.622877337367456
16,0.04662332362814071,2.3090134639886157,0.061520893010050245,2.436416911358443,0.06719739083919599,2.5042958130943886,0.07373199899497487,2.5791436832735646,0.07705872043718594,2.598199334681102,0.07992735430653267,2.6278816398817115,0.025986250236180907,2.5999124221187393
17,0.0479586359798995,2.2745073336054267,0.0627560971356784,2.4067450736930716,0.06839934582914572,2.4779731849826163,0.0748900284321608,2.555213296158059,0.07819403540201006,2.5758301169894624,0.08104035063819096,2.6068843266498978,0.027398954688442213,2.577273719912975
18,0.049293948331658295,2.240721820045494,0.06399130126130653,2.377650514711136,0.06960130081909548,2.4521148178684316,0.07604805786934674,2.5316322054240263,0.07932935036683417,2.553774721570773,0.08215334696984924,2.586146505653489,0.02881165914070352,2.554957166339655
19,0.05062926068341709,2.2076455313969277,0.06522650538693467,2.3491242508934835,0.07080325580904523,2.4267138641427204,0.07720608730653267,2.508396583937934,0.0804646653316583,2.5320295811273614,0.08326634330150753,2.565665781152249,0.030224363592964827,2.5329587251421604
20,0.05196457303517588,2.1752671664863708,0.0664617095125628,2.321157370788949,0.07200521079899497,2.4017635297031683,0.0783641167437186,2.4855026238984985,0.08159998029648241,2.510591149015691,0.08437933963316582,2.5454397665607478,0.03163706804522613,2.5112743882177613
21,0.05329988538693468,2.1435755148789957,0.06769691363819096,2.293741035014352,0.07320716578894472,2.377257073954263,0.07952214618090453,2.462946536836685,0.08273529526130653,2.4894558992463605,0.08549233596482411,2.525466084448359,0.03304977249748744,2.4899001756176165
22,0.05463519773869347,2.1125594568785067,0.06893211776381909,2.2668664762545006,0.07440912077889447,2.3531878098072947,0.08068017561809046,2.4407245536157123,0.08387061022613065,2.468620326484104,0.0866053322964824,2.505742366539263,0.034462476949748744,2.4688321355467737
23,0.055970510090452265,2.0822079635271376,0.07016732188944723,2.240524999262191,0.07561107576884422,2.3295491036803537,0.08183820505527639,2.4188329244310456,0.08500592519095478,2.448080946047789,0.08771832862814069,2.4862662537124436,0.035875181402010056,2.448066344364169
24,0.057305822442211066,2.052510096605653,0.07140252601507538,2.214707980858203,0.07681303075879398,2.3063343754983334,0.08299623449246232,2.3972679188104014,0.0861412401557789,2.427834293910421,0.088831324959799,2.4670353960016898,0.03728788585427136,2.4275989065826282
25,0.05864113479396986,2.0234550086333503,0.07263773014070352,2.189406869931306,0.07801498574874371,2.283537098692929,0.08415426392964824,2.376025825613747,0.08727655512060302,2.4078769266991404,0.08994432129145728,2.4480474525955955,0.03870059030653267,2.4074259548688652
26,0.059976447145728654,1.9950319428680552,0.07387293426633165,2.164613187438255,0.07921694073869347,2.2611508002026346,0.08531229336683417,2.355102953033297,0.08841187008542714,2.38820542169522,0.09105731762311557,2.4293000918375616,0.04011329475879397,2.387543650043483
27,0.06131175949748745,1.967230233306124,0.07510813839195979,2.140318526403792,0.08041889572864322,2.239169060472749,0.0864703228040201,2.334495628593519,0.08954718505025126,2.368816376834071,0.09217031395477386,2.4107909912257917,0.04152599921105528,2.367948181080973
28,0.06264707184924624,1.9400393046824465,0.07634334251758794,2.116514551920644,0.08162085071859296,2.217585513455371,0.08762835224120603,2.314200199151129,0.09068250001507538,2.349706410705238,0.09328331028643216,2.3925178374132945,0.042938703663316584,2.3486357651097167
29,0.06398238420100504,1.91344867247044,0.07757854664321608,2.0931930011495297,0.08282280570854272,2.1963938466094013,0.08878638167839197,2.2942130308950928,0.09181781497989949,2.3308721625524025,0.09439630661809045,2.374478326207885,0.044351408115577896,2.3296026474119826
30,0.06531769655276383,1.8874479428820545,0.07881375076884423,2.070345683319149,0.08402476069849246,2.1755878009005425,0.08994441111557788,2.2745305093466266,0.09295312994472363,2.3123102922733785,0.09550930294974874,2.3566701625721826,0.0457641125678392,2.3108451014239297
31,0.06665300890452262,1.862026812867771,0.08004895489447236,2.047964479726193,0.0852267156884422,2.155161170801299,0.09110244055276381,2.255149039359196,0.09408844490954774,2.294017480420119,0.09662229928140703,2.339091060623611,0.04717681702010051,2.2923594287356046
32,0.06798832125628142,1.8371750701165994,0.0812841590201005,2.0260413437353364,0.08642867067839197,2.1351078042909752,0.09226046998994974,2.236065045118518,0.09522375987437187,2.2759904281987087,0.09773529561306532,2.3217387436343992,0.04858952147236181,2.274141959090944
33,0.06932363360804021,1.8128825930560812,0.08251936314572864,2.0045683007792423,0.0876306256683417,2.11542160285568,0.09341849942713568,2.2172749701425576,0.09635907483919598,2.258225857469369,0.09884829194472361,2.304610944031583,0.05000222592462312,2.256189050387772
34,0.070658945959799,1.78913935085229,0.08375456727135677,1.9835374483585615,0.08883258065829146,2.0960965214883207,0.09457652886432161,2.1987752772815314,0.09749438980402012,2.2407205107464576,0.0999612882763819,2.287705403397,0.051414930376884424,2.2384970886778035
35,0.0719942583115578,1.7659354034098276,0.08498977139698492,1.9629409560419293,0.09003453564824121,2.0771265686886085,0.09573455830150754,2.1805624487179047,0.09862970476884422,2.223471151198466,0.10107428460804019,2.2710198724672956,0.05282763482914573,2.2210624881666394
36,0.07332957066331659,1.743260901371828,0.08622497552261306,1.94277106546597,0.09123649063819095,2.0585058064630553,0.09689258773869347,2.1626329859663933,0.09976501973366834,2.2064745626480216,0.10218728093969848,2.254552111133919,0.05424033928140704,2.2038816912137715
37,0.07466488301507539,1.7211060861199572,0.08746017964824121,1.9230200903352923,0.09243844562814071,2.0402283503249747,0.0980506171758794,2.1449834098739635,0.10090033469849247,2.1897275495718858,0.10330027727135678,2.2382998884431236,0.05565304373366835,2.1869511683325804
38,0.07600019536683418,1.6994612897744088,0.08869538377386935,1.9036804164224952,0.09364040061809045,2.022288369294482,0.09920864661306533,2.1276102606198304,0.10203564966331659,2.173226937100957,0.10441327360301507,2.2222609825959685,0.05706574818592965,2.170267418190335
39,0.07733550771859297,1.67831693519391,0.08993058789949748,1.8847445015681612,0.09484235560804019,2.004680085898494,0.10036667605025126,2.1105100977154594,0.10317096462814071,2.156969571020268,0.10552626993467336,2.2064331809483195,0.05847845263819096,2.153826967608193
40,0.07867082007035177,1.657663535975717,0.09116579202512562,1.8662048756808614,0.09604431059798996,1.9873977761707287,0.1015247054874372,2.093679500004567,0.10430627959296483,2.140952317768987,0.10663926626633165,2.1908142800108443,0.059891157090452264,2.1376263715612014
41,0.08000613242211056,1.6374916964556179,0.09240099615075376,1.848054140737153,0.0972462655879397,1.9704357696517074,0.10268273492462313,2.0771150656631177,0.10544159455778895,2.125172064440417,0.10775226259798995,2.1754020854490177,0.06130386154271357,2.1216622131782956
42,0.08134144477386936,1.6177921117079301,0.0936362002763819,1.8302849707815811,0.09844822057788945,1.95378844938875,0.10384076436180906,2.060813412199327,0.10657690952261306,2.1096257187819973,0.10886525892964824,2.1601944120831194,0.06271656599497488,2.105931103742299
43,0.08267675712562815,1.5985555675455023,0.09487140440201006,1.8128901119266754,0.0996501755678392,1.937450251935981,0.10499879379899499,2.0447711764536614,0.1077122244874372,2.0943102091953008,0.10997825526130653,2.145189083888233,0.06412927044723618,2.0904296826899262
44,0.08401206947738694,1.5797729405197156,0.0961066085276382,1.7958623823529547,0.10085213055778894,1.9214156673543257,0.1061568232361809,2.028985014598835,0.1088475394522613,2.079222484736037,0.11109125159296482,2.130383933994248,0.0655419748994975,2.0751546176117786
45,0.08534738182914574,1.5614351979204795,0.09734181265326633,1.7791946723089245,0.1020540855477387,1.905679239211509,0.10731485267336684,2.0134516021398134,0.10998285441708544,2.064359515114051,0.11220424792462311,2.115776804685858,0.06695467935175879,2.0601026042523474
46,0.08668269418090453,1.5435333977762355,0.09857701677889447,1.7628799441110754,0.10325604053768844,1.8902355645820599,0.10847288211055277,1.9981676339138121,0.11111816938190955,2.0497182906933213,0.1133172442562814,2.1013655474025628,0.0683673838040201,2.045270366510011
47,0.08801800653266333,1.5260586888539556,0.0998122209045226,1.7469112321438862,0.10445799552763818,1.875079294047309,0.1096309115477387,1.9831298240902964,0.11225348434673368,2.0352958224919626,0.11443024058793969,2.0871480227386665,0.0697800882562814,2.0306546564370396
48,0.08935331888442212,1.5090023106591413,0.10104742503015074,1.7312816428598214,0.10565995051758795,1.8602051316953854,0.11078894098492463,1.9683349061709805,0.11338879931155779,2.0210891421822264,0.11554323691959797,2.073122100443278,0.07119279270854272,2.0162522542395895
49,0.09068863123618091,1.492355593435827,0.10228262915577889,1.7159843547793336,0.10686190550753769,1.8456078351212244,0.11194697042211055,1.9537796329898307,0.11452411427638191,2.0070953020904967,0.11665623325125626,2.0592856594203113,0.07260549716080401,2.002059968277708
50,0.09202394358793971,1.4761099581665769,0.10351783328140704,1.701012618490862,0.10806386049748744,1.8312822154265587,0.11310499985929648,1.9394607767130618,0.11565942924120604,1.993311375197294,0.11776922958291457,2.0456365877284863,0.07401820161306533,1.9880746350653284
51,0.0933592559396985,1.4602569165724857,0.10475303740703518,1.6863597566508326,0.10926581548743719,1.817223137219925,0.11426302929648241,1.9253751288391374,0.11679474420603016,1.9797344551372742,0.11888222591457286,2.032172782581327,0.07543090606532663,1.9742931192702762
52,0.0946945682914573,1.444788071113178,0.10598824153266331,1.6720191639836566,0.11046777047738693,1.8034255186166614,0.11542105873366834,1.9115195001987741,0.11793005917085428,1.9663616561992288,0.11999522224623115,2.018892150347162,0.07684361051758794,1.9607123137142635
53,0.09602988064321609,1.4296951149868113,0.10722344565829145,1.6579843072817337,0.1116697254673367,1.7898843312389068,0.11657908817085427,1.8978907209549356,0.1190653741356784,1.9531901133260838,0.12110821857788945,2.0057926065491256,0.07825631496984925,1.9473291393728918
54,0.09736519299497488,1.4149698321300717,0.10845864978391959,1.6442487254054514,0.11287168045728643,1.7765946002156028,0.1177371176080402,1.8844856406028372,0.12020068910050252,1.940216982114901,0.12222121490954774,1.992872075865157,0.07966901942211055,1.9341405453756513
55,0.09870050534673368,1.400604097218177,0.10969385390954772,1.630806029283181,0.11407363544723617,1.7635514041824907,0.11889514704522613,1.8713011279699439,0.12133600406532663,1.9274394388168763,0.12333421124120603,1.9801284921280011,0.08108172387437186,1.9211435090059217
56,0.10003581769849247,1.3865898756648765,0.11092905803517589,1.6176499019112827,0.11527559043718594,1.750749875282116,0.12005317648241207,1.8583340712159697,0.12247131903015077,1.914854680337342,0.12444720757286432,1.967559798325206,0.08249442832663316,1.908335035700971
57,0.10137113005025127,1.372919223622449,0.11216426216080402,1.604774098354104,0.11647754542713568,1.7381851991638229,0.121211205919598,1.8455813778328793,0.12360663399497489,1.902459924235766,0.1255602039045226,1.955163946599126,0.08390713277889447,1.8957121590519557
58,0.10270644240201006,1.3595842879817042,0.11339946628643216,1.592172445743977,0.11767950041708544,1.7258526149837605,0.12236923535678393,1.8330399746448882,0.124741948959799,1.89025240872575,0.1266732002361809,1.9429388982469202,0.08531983723115578,1.8832719408039218
59,0.10404175475376885,1.3465773063719824,0.1146346704120603,1.579838843281224,0.11888145540703518,1.7137474154048769,0.12352726479396986,1.82070680780846,0.12587726392462312,1.8782293926750318,0.12778619656783918,1.9308826237205534,0.08673254168341708,1.8710114708558039
60,0.10537706710552765,1.3338906071611558,0.11586987453768843,1.5677672622341499,0.12008341039698492,1.7018649465969227,0.12468529423115578,1.8085788428123095,0.12701257888944723,1.8663881556054847,0.12889919289949747,1.9189931026267932,0.0881452461356784,1.8589278672604252
61,0.10671237945728644,1.3215166094556259,0.11710507866331657,1.5559517459390495,0.12128536538693468,1.6902006082364496,0.12584332366834172,1.7966530644774008,0.12814789385427136,1.8547259976931167,0.13001218923115576,1.9072683237272154,0.0895579505879397,1.8470182762244984
62,0.10804769180904523,1.3094478231003253,0.1183402827889447,1.5443864098002043,0.12248732037688442,1.6787498535068122,0.12700135310552763,1.784926476956949,0.1292832088190955,1.843240239768071,0.13112518556281405,1.895706284938198,0.090970655040201,1.835279872108624
63,0.10938300416080403,1.2976768486787185,0.11957548691457287,1.5330654412898803,0.12368927536683416,1.6675081890981662,0.12815938254271358,1.7733961037364172,0.1304185237839196,1.831928223314626,0.13223818189447234,1.8843049933309257,0.0923833594924623,1.8237098574272925
64,0.11071831651256282,1.2861963775127991,0.12081069104020101,1.5219830999483333,0.12489123035678393,1.6564711752074675,0.1293174119798995,1.7620589876335209,0.1315538387487437,1.820787310471196,0.13335117822613063,1.8730624651313872,0.09379606394472362,1.8123054628488822
65,0.11205362886432162,1.2749991916630923,0.12204589516582914,1.511133717383804,0.12609318534673367,1.645634425538475,0.13047544141708545,1.7509121907982235,0.13268915371356785,1.809814884030331,0.13446417455778892,1.8619767257203765,0.09520876839698493,1.8010639471956607
66,0.11338894121608041,1.2640781639286538,0.12328109929145728,1.5005116972725205,0.12729514033668343,1.6349936073017486,0.13163347085427135,1.7399527947127398,0.13382446867839198,1.7990083474387135,0.1355771708894472,1.8510458096334923,0.09662147284924623,1.7899825974437846
67,0.1147242535678392,1.253426257847071,0.12451630341708542,1.4901115153586972,0.12849709532663317,1.6245444412146512,0.1327915002914573,1.7291779001915337,0.1349597836432161,1.7883651247971648,0.1366901672211055,1.8402677605611397,0.09803417730150754,1.7790587287232993
68,0.116059565919598,1.2430365276944593,0.12575150754271355,1.479927719454536,0.1296990503165829,1.6142827015013452,0.1339495297286432,1.718584627381318,0.1360950986080402,1.777882660860639,0.1378031635527638,1.8296406313485263,0.09944688175376884,1.7682896843181386
69,0.11739487827135679,1.2329021184854683,0.1269867116683417,1.4699549294402257,0.13090100530653268,1.6042042158927972,0.13510755916582914,1.708170115761059,0.13723041357286433,1.7675584210382258,0.1389161598844221,1.8191624839956675,0.10085958620603015,1.7576728356661253
70,0.11873019062311559,1.2230162659732753,0.12822191579396985,1.4601878372639412,0.1321029602964824,1.5943048656267718,0.13626558860301508,1.6979315241419686,0.13836572853768847,1.757389891393152,0.1400291562160804,1.808831389657382,0.10227229065829145,1.747205582358972
71,0.12006550297487438,1.2133722966495912,0.129457119919598,1.450621206941845,0.13330491528643215,1.5845805854478376,0.137423618040201,1.6878660306675113,0.13950104350251258,1.747374578642777,0.14114215254773868,1.7986454286432934,0.10368499511055276,1.7368853521422782
72,0.12140081532663317,1.2039636277446548,0.13069232404522613,1.4412498745580855,0.13450687027638192,1.5750273636073655,0.13858164747738694,1.677970832813401,0.1406363584673367,1.737510010158596,0.14225514887939697,1.788602690417831,0.10509769956281408,1.7267096009155343
73,0.12273612767839197,1.194783767227238,0.13192752817085426,1.4320687482647996,0.13570882526633166,1.565641241863526,0.13973967691457287,1.6682431473876016,0.1417716734321608,1.7277937339662417,0.14336814521105526,1.7787012736002286,0.10651040401507537,1.716675812732118
74,0.12407144003015076,1.185826313804641,0.1331627322964824,1.4230728082821087,0.13691078025628142,1.556418315481293,0.1408977063517588,1.6586802105303273,0.14290698839698493,1.7182233187454785,0.14448114154271358,1.7689392859645254,0.10792310846733669,1.7067814997992965
75,0.12540675238190957,1.1770849569226978,0.13439793642211054,1.4142571068981225,0.13811273524623116,1.5473547332324404,0.14205573578894473,1.649279277714041,0.14404230336180907,1.708796353830211,0.14559413787437187,1.7593148444395652,0.10933581291959799,1.6970242024782258
76,0.12674206473366836,1.168553476765771,0.1356331405477387,1.405616768468938,0.1393146902361809,1.5384466973955457,0.14321376522613066,1.6400376237434555,0.14517761832663317,1.6995104492084723,0.14670713420603015,1.749826075108997,0.1107485173718593,1.6874014892839508
77,0.12807737708542716,1.160225744256754,0.13686834467336684,1.3971469894186375,0.14051664522613067,1.5296904637559852,0.1443717946633166,1.6309525427555367,0.14631293329145728,1.6903632355224376,0.14782013053768844,1.740471113211275,0.11216122182412061,1.677910956885405
78,0.12941268943718595,1.1520957210570715,0.13810354879899497,1.3888430382392918,0.1417186002160804,1.5210823416059385,0.14552982410050253,1.6220213482194956,0.14744824825628142,1.6813523640684118,0.14893312686934673,1.731248103139658,0.11357392627638191,1.6685502301054111
79,0.13074800178894475,1.1441574595666784,0.1393387529246231,1.380700255490956,0.14292055520603014,1.512618693744388,0.14668785353768843,1.6132413729367965,0.14858356322110555,1.6724755067968382,0.15004612320100502,1.72215519844221,0.11498663072864322,1.6593169619206798
80,0.13208331414070354,1.1364051029240607,0.14057395705025125,1.3727140538016749,0.1441225101959799,1.5042959364771158,0.1478458829748744,1.6046099690411544,0.14971887818592966,1.663730356312295,0.1511591195326633,1.7131905618218002,0.11639933518090452,1.6502088334618121
81,0.13341862649246233,1.128832885006236,0.14180916117587938,1.3648799178674786,0.14532446518592965,1.496110539616705,0.1490039124120603,1.59612450799853,0.15085419315075377,1.655114625873495,0.1522721158643216,1.7043523651361019,0.11781203963316583,1.6412235540132962
82,0.13475393884422113,1.1214351304287509,0.14304436530150752,1.3571934044523841,0.1465264201758794,1.488059026482543,0.15016194184924625,1.5877823806071385,0.1519895081155779,1.6466260493932863,0.1533851121959799,1.6956387893975946,0.11922474408542713,1.6323588610135105
83,0.13608925119597992,1.114206254545683,0.14427956942713568,1.3496501423883953,0.14772837516582915,1.4801379739008174,0.15131997128643215,1.5795809969974424,0.15312482308040204,1.6382623814386519,0.15449810852763818,1.6870480247735622,0.12063744853768844,1.6236125200547211
84,0.13742456354773872,1.1071407634496433,0.14551477355276382,1.342245832575503,0.1489303301557789,1.4723440122045162,0.1524780007236181,1.5715177866321541,0.15426013804522615,1.6300213972307116,0.15561110485929647,1.678578270586093,0.12205015298994976,1.6149823248830841
85,0.1387598758994975,1.1002332539717696,0.14674997767839196,1.334976247981686,0.15013228514572866,1.4646738252334304,0.15363603016080402,1.5635901983062377,0.15539545301005026,1.6219008926447183,0.15672410119095476,1.670227735312082,0.12346285744221105,1.6064660973986433
86,0.1400951882512563,1.0934784136817322,0.1479851818040201,1.327837233642907,0.1513342401356784,1.457124150334153,0.15479405959798997,1.5557957001469074,0.15653076797487436,1.6138986842100627,0.15783709752261305,1.6619946365832279,0.12487556189447237,1.5980616876553317
87,0.1414305006030151,1.0868710208877332,0.14922038592964823,1.3208247066631178,0.15253619512562813,1.449691778360077,0.15595208903517588,1.548131779613624,0.1576660829396985,1.6060126091102669,0.15895009385427133,1.6538772011860337,0.12628826634673368,1.5897669738609719
88,0.1427658129547739,1.0804059446365044,0.15045559005527637,1.3139346562142569,0.1537381501155779,1.4423735536713989,0.1571101184723618,1.5405959434981011,0.15880139790452263,1.5982405251829928,0.16006309018592962,1.6458736650618087,0.12770097079899498,1.5815798623772745
89,0.14410112530653268,1.0740781447133076,0.1516907941809045,1.3071631435362505,0.15494010510552764,1.435166374135115,0.15826814790954774,1.5331857179243022,0.15993671286934674,1.5905803109200338,0.1611760865175879,1.6379822733066671,0.1291136752512563,1.573498287719839
90,0.14543643765829148,1.0678826716419367,0.15292599830653267,1.3005063019370082,0.1561420600954774,1.4280671911250251,0.15942617734673367,1.52589864834844,0.16107202783417085,1.5830298654673207,0.1622890828492462,1.6302012801715278,0.1305263797035176,1.5655202125581542
91,0.14677175001005027,1.061814666684715,0.1541612024321608,1.2939603367924297,0.15734401508542714,1.4210730095217277,0.1605842067839196,1.5187322995589767,0.16220734279899499,1.575587108624918,0.1634020791809045,1.6225289490621142,0.1319390841557789,1.5576436277155972
92,0.14810706236180907,1.0558693618424981,0.15539640655778894,1.2875215255463992,0.15854597007537688,1.4141808877126278,0.16174223622110553,1.511684255676625,0.16334265776381912,1.5682499808470287,0.16451507551256278,1.6149635525389558,0.13335178860804023,1.5498665521694341
93,0.14944237471356786,1.0500420798546712,0.15663161068341708,1.2811862177107907,0.15974792506532665,1.4073879375919254,0.16290026565829147,1.5047521201543486,0.16447797272864323,1.5610164432419857,0.1656280718442211,1.6075033723173857,0.13476449306030153,1.54218703305082
94,0.15077768706532665,1.04432823419915,0.15786681480904521,1.2749508348654621,0.16094988005527638,1.4006913245606287,0.1640582950954774,1.4979335157773592,0.16561328769346734,1.5538844775722622,0.1667410681758794,1.6001466992675435,0.13617719751256283,1.5346031456447988
95,0.15211299941708545,1.0387233290923814,0.15910201893467335,1.2688118706582596,0.16215183504522612,1.3940882675265418,0.16521632453266333,1.4912260846631193,0.16674860265829147,1.5468520862544644,0.16785406450753768,1.5928918334143733,0.13758990196482412,1.5271129933903032
96,0.15344831176884424,1.0332229594893443,0.1603372230603015,1.2627658908050168,0.1633537900351759,1.3875760389042746,0.16637435396984926,1.4846274882613426,0.16788391762311558,1.5399172923593336,0.16896706083919596,1.585737083937623,0.13900260641708545,1.5197147078801545
97,0.15478362412060304,1.0278228110835452,0.16157242718592965,1.2568095330895508,0.16455574502512563,1.3811519646152388,0.1675323834070352,1.4781354073539896,0.16901923258793972,1.5330781396117463,0.17008005717085425,1.578680769171847,0.14041531086934675,1.5124064488610638
98,0.15611893647236183,1.0225186603070258,0.1628076313115578,1.2509395073636695,0.1657577000150754,1.374813424087642,0.1686904128442211,1.4717475420552755,0.17015454755276382,1.5263326923907137,0.17119305350251254,1.5717212166064032,0.14182801532160805,1.505186404233629
99,0.15745424882412062,1.0173063743303534,0.16404283543718592,1.2451525955471658,0.16695965500502513,1.3685578502565008,0.16984844228140705,1.4654616118116595,0.17128986251758793,1.5196790357293843,0.17230604983417083,1.5648567628854568,0.14324071977386937,1.4980527900523393
100,0.15878956117587942,1.0121819110626302,0.16527803956281406,1.239445651627821,0.16816160999497487,1.3623827295636284,0.17100647171859296,1.4592753554018567,0.17242517748241207,1.513115275315041,0.17341904616582915,1.5580857538079766,0.14465342422613067,1.491003850525571
101,0.1601248735276382,1.0071413191514855,0.1665132436884422,1.2338156016613997,0.16936356498492464,1.3562856019576421,0.17216450115577892,1.4531865309368266,0.1735604924472362,1.506639537489101,0.17453204249748744,1.551406544327735,0.14606612867839197,1.4840378580155895
102,0.161460185879397,1.002180737983085,0.16774844781407033,1.2282594437716567,0.17056551997487437,1.3502640608939593,0.17332253059296482,1.4471929158597838,0.1746958074120603,1.5002499692471174,0.17564503882914573,1.544817498553313,0.14747883313065327,1.4771531130385502
103,0.1627954982311558,0.9972963976821174,0.16898365193969847,1.2227742481503316,0.1717674749648241,1.3443157533347998,0.17448056003015078,1.4412923069461896,0.17583112237688442,1.493944738238779,0.17675803516080402,1.5383169897480906,0.1488915375829146,1.4703479442644958
104,0.1641308105829146,0.9924846191118082,0.1702188560653266,1.2173571570571537,0.17296942995477388,1.3384383797491828,0.17563858946733668,1.4354825203037556,0.17696643734170855,1.487722032767909,0.1778710314924623,1.5319034003302612,0.1503042420351759,1.4636207085173591
105,0.1654661229346734,0.987741813873912,0.17145406019095477,1.2120053848198342,0.17417138494472362,1.332629694112935,0.17679661890452264,1.4297613913724447,0.1781017523065327,1.4815800617924655,0.1789840278241206,1.5255751218728157,0.1517169464874372,1.4569697907749604
106,0.16680143528643218,0.9830644843087133,0.1726892643165829,1.2067162178340767,0.17537333993467338,1.326887503908679,0.17795464834170854,1.4241267749244675,0.1792370672713568,1.4755170549245435,0.18009702415577888,1.5193305551035539,0.15312965093969852,1.4503936041690102
107,0.16813674763819098,0.9784492234950282,0.17392446844221104,1.2014870145635665,0.17657529492462312,1.3212096701258398,0.17911267777889447,1.4185765450642869,0.1803723822361809,1.4695312624303698,0.18121002048743717,1.5131681099050787,0.15454235539195982,1.443890589985107
108,0.16947205998994977,0.9738927152502019,0.17515967256783918,1.1963152055399808,0.17777724991457286,1.3155941072606478,0.1802707072160804,1.413108595228615,0.18150769720100504,1.4636209552303132,0.18232301681909546,1.5070862053147995,0.15595505984422112,1.437459217662738
109,0.17080737234170856,0.9693917341301126,0.17639487669346732,1.1911982933629792,0.17897920490452263,1.3100387833161293,0.18142873665326634,1.407720838186414,0.18264301216582915,1.457784424898871,0.18343601315075375,1.5010832695249308,0.15736776429648244,1.4310979847952803
110,0.17214268469346736,0.9649431454291677,0.17763008081909545,1.1861338527002099,0.18018115989447236,1.304541719802116,0.18258676609045227,1.4024112060388938,0.18377832713065329,1.452019983664678,0.18454900948241204,1.4951577398824902,0.15878046874874374,1.4248054171299984
111,0.17347799704522615,0.9605439051803062,0.1788652849447236,1.1811195302873085,0.18138311488442213,1.2991009917352416,0.1837447955276382,1.397177650219517,0.1849136420954774,1.4463259644105033,0.18566200581407033,1.4893080628893016,0.16019317320100504,1.4185800685680472
112,0.17481330939698494,0.956191060154997,0.18010048907035175,1.1761530449278963,0.18258506987437187,1.2937147276389385,0.18490282496482413,1.3920181414939963,0.18604895706030153,1.4407007206732558,0.18677500214572862,1.483532694201994,0.16160587765326634,1.4124205211644694
113,0.17614862174874374,0.9518817478632413,0.1813356931959799,1.1712321874935827,0.1837870248643216,1.2883811095434434,0.18606085440201006,1.3869306699602917,0.18718427202512564,1.435142626643973,0.1878879984773869,1.4778300986320008,0.16301858210552767,1.4063253851281952
114,0.17748393410050253,0.9476131965535672,0.18257089732160803,1.1663548209239618,0.18498897985427137,1.283098372985795,0.187218883839196,1.3819132450486165,0.18831958698994977,1.4296500771678327,0.1890009948090452,1.4721987501455613,0.16443128655778896,1.4002932988220471
115,0.17881924645226133,0.94338272521304,0.18380610144723616,1.1615188802266183,0.1861909348442211,1.2778648070098293,0.18837691327638192,1.3769638955214303,0.18945490195477388,1.424221487744144,0.1901139911407035,1.4666371318637195,0.16584399101005026,1.394322928762734
116,0.18015455880402012,0.9391877435672487,0.1850413055728643,1.1567223724771196,0.18739288983417088,1.2726787541661886,0.18953494271356786,1.3720806694734464,0.190590216919598,1.4188552945263568,0.19122698747236178,1.461143736062323,0.1672566954623116,1.388412969620854
117,0.18148987115577891,0.9350257520803189,0.18627650969849244,1.151963376819022,0.18859484482412062,1.267538610512314,0.1906929721507538,1.3672616343316237,0.19172553188442212,1.4135499543220487,0.19233998380402006,1.4557170641720263,0.1686693999145729,1.3825621442208944
118,0.1828251835075377,0.9308943419549025,0.1875117138241206,1.1472400444638668,0.18979679981407035,1.2624428256124505,0.19185100158793972,1.362504876855176,0.19286084684924623,1.408303944592939,0.19345298013567835,1.4503556267782867,0.17008210436683419,1.3767692035412307
119,0.1841604958592965,0.9267911951321834,0.18874691794974874,1.1425505986911864,0.19099875480402012,1.2573899025376423,0.19300903102512562,1.3578085031355651,0.19399616181407037,1.4031157634548803,0.19456597646733664,1.4450579436213702,0.17149480881909548,1.3710329267141275
120,0.1854958082110553,0.9227140842918802,0.18998212207537687,1.1378933348484956,0.19220070979396986,1.252378397865737,0.19416706046231155,1.3531706385964983,0.19513147677889447,1.3979839296778573,0.19567897279899493,1.4398225435963434,0.1729075132713568,1.3653521210257387
121,0.1868311205628141,0.9186608728522341,0.191217326201005,1.1332666203512969,0.1934026647839196,1.2474069216813817,0.19532508989949748,1.3485894279939403,0.1962667917437186,1.392906982685996,0.19679196913065322,1.4346479647530819,0.1743202177236181,1.3597256219161074
122,0.18816643291457288,0.9146295149700268,0.19245253032663315,1.128668894683082,0.19460461977386936,1.242474137576028,0.19648311933668342,1.3440630354161,0.19740210670854272,1.3878834825575512,0.19790496546231157,1.429532754296262,0.1757329221758794,1.354152292979164
123,0.18950174526633168,0.9106180555405605,0.19368773445226128,1.1240986693953285,0.1958065747638191,1.2375787626479293,0.19764114877386935,1.339589644283441,0.19853742167336685,1.3829120100249166,0.19901796179396986,1.4244754685853693,0.17714562662814073,1.3486310259627288
124,0.19083705761809047,0.9066246301976775,0.19492293857788942,1.1195545281074972,0.19700852975376884,1.2327195675021358,0.19879917821105528,1.3351674573486716,0.19967273663819096,1.3779911664746236,0.20013095812562814,1.4194746731346926,0.17855833108040203,1.3431607407685107
125,0.19217236996984927,0.9026474653137453,0.19615814270351759,1.1150351265070406,0.1982104847437186,1.2278953762505016,0.1999572076482412,1.330794696696754,0.2008080516030151,1.3731195739473336,0.20124395445728643,1.4145289426133236,0.17997103553266333,1.3377403854521075
126,0.19350768232160806,0.8986848779996608,0.19739334682914572,1.1105391923493957,0.19941243973366835,1.2231050665116885,0.20111523708542714,1.3264696037449006,0.2019433665678392,1.3682958751378447,0.20235695078894472,1.409636860845163,0.18138373998492463,1.332368936223006
127,0.19484299467336685,0.8947352761048584,0.19862855095477386,1.1060655254579852,0.2006143947236181,1.2183475694111503,0.20227326652261307,1.3221904392425694,0.20307868153266334,1.3635187333950904,0.203469947120603,1.4047970208089136,0.18279644443718596,1.3270453974445815
128,0.19617830702512565,0.8907971582172975,0.199863755080402,1.1016129977242248,0.20181634971356785,1.213621869581147,0.203431295959799,1.3179554832714726,0.20421399649748745,1.3587868327221426,0.2045829434522613,1.4000080246380837,0.18420914888944726,1.3217688016340985
129,0.19751361937688444,0.8868691136634692,0.20109895920603013,1.0971805531075063,0.2030183047035176,1.2089270051607426,0.20458932539698493,1.3137630352455707,0.20534931146231156,1.3540988777762033,0.2056959397839196,1.395268483620987,0.18562185334170855,1.3165382094627098
130,0.19884893172864324,0.8829498225083974,0.20233416333165827,1.0927672076352164,0.20422025969346735,1.2042620677957974,0.20574735483417086,1.309611413911076,0.2064846264271357,1.3494535938686156,0.20680893611557788,1.3905770182007435,0.18703455779396988,1.3113527097554571
131,0.20018424408040203,0.8790380555556334,0.2035693674572864,1.0883720494027278,0.2054222146834171,1.199626202638977,0.2069053842713568,1.3054989573464462,0.2076199413919598,1.3448497269648505,0.20792193244723617,1.3859322579752753,0.18844726224623118,1.3062114194912722
132,0.20151955643216082,0.8751326743472618,0.20480457158291457,1.083994238573399,0.20662416967336686,1.1950186083497485,0.20806341370854273,1.3014240229623937,0.20875525635678394,1.3402860436845194,0.20903492877889446,1.381332841697311,0.18985996669849248,1.3011134838029736
133,0.20285486878391962,0.8712326311638985,0.2060397757085427,1.0796330073785727,0.2078261246633166,1.1904385370943769,0.20922144314572866,1.2973849875018786,0.20989057132160804,1.3357613313013696,0.21014792511055275,1.376777417274384,0.19127267115075378,1.2960580759772706
134,0.2041901811356784,0.8673369690246893,0.20727497983417084,1.0752876601175831,0.20902807965326634,1.1858852945459355,0.2103794725829146,1.2933802470401106,0.21102588628643218,1.331274397743281,0.21126092144221104,1.3722646417688336,0.1926853756030151,1.29104439745476
135,0.2055254934874372,0.863444821687307,0.20851018395979898,1.0709575731577488,0.2102300346432161,1.1813582398842932,0.21153750202010052,1.289408216984551,0.2121612012512563,1.326824071592268,0.21237391777386933,1.3677931813978037,0.1940980800552764,1.286071677829928
136,0.206860805839196,0.8595554136479615,0.20974538808542711,1.0666421949343765,0.21143198963316584,1.1768567857961223,0.21269553145728645,1.2854673320749113,0.21329651621608042,1.322409202084486,0.21348691410552761,1.3633617115332428,0.1955107845075377,1.28113917485115
137,0.2081961181909548,0.8556680601413893,0.21098059221105525,1.0623410459507538,0.21263394462311558,1.1723803984748975,0.21385356089447238,1.28155604638315,0.21443183118090453,1.3180286591102157,0.2145999104371859,1.3589689167019037,0.19692348895979903,1.2762461744206897
138,0.2095314305427136,0.8517821671408585,0.2122157963366834,1.0580537187781638,0.21383589961306534,1.1679285976208953,0.2150115903316583,1.2776728333134768,0.21556714614572867,1.313681333213883,0.2157129067688442,1.3546134905853449,0.19833619341206032,1.271391990594699
139,0.21086674289447238,0.8478972313581687,0.21345100046231155,1.0537798780558725,0.21503785460301508,1.163500956441193,0.21616961976884422,1.2738161856023527,0.21670246111055277,1.3093661355940447,0.21682590310050248,1.3502941360199303,0.19974889786432162,1.2665759655832205
140,0.21220205524623117,0.8440128402436495,0.2146862045879397,1.0495192604911314,0.21623980959296482,1.1590971016496665,0.21732764920603015,1.269984615318489,0.2178377760753769,1.305081998103391,0.21793889943216077,1.3460095649968289,0.20116160231658292,1.2617974697501833
141,0.21353736759798997,0.8401286719861631,0.21592140871356783,1.0452716748591815,0.2174417645829146,1.1547167134670016,0.21848567864321608,1.2661766538628436,0.21897309104020102,1.3008278732487488,0.21905189576381906,1.3417584986620144,0.20257430676884425,1.2570559016134077
142,0.21487267994974876,0.8362444955130974,0.21715661283919596,1.0410370020032476,0.21864371957286433,1.1503595256206771,0.219643708080402,1.2623908519686293,0.22010840600502513,1.296602734191084,0.22016489209547735,1.3375396673162636,0.20398701122110555,1.252350687844601
143,0.21620799230150756,0.8323601704903778,0.2183918169648241,1.0368151948345448,0.2198456745628141,1.1460253253449766,0.22080173751758794,1.2586257797013038,0.22124372096984926,1.2924055747454917,0.22127788842713564,1.3333518104151625,0.20539971567336684,1.2476812832693602
144,0.21754330465326635,0.8284756473224526,0.21962702109045223,1.0326062783322727,0.22104762955276383,1.1417139533809908,0.22195976695477387,1.2548800264585784,0.22237903593467337,1.2882354093812074,0.22239088475879393,1.3291936765690964,0.20681242012562817,1.2430471708671713
145,0.21887861700502514,0.8245909671523117,0.2208622252160804,1.0284103495436168,0.22224958454271357,1.1374253039765994,0.2231177963919598,1.2511522009704112,0.2235143508994975,1.284091273221597,0.22350388109045222,1.3250640235432627,0.20822512457788947,1.2384478617714085
146,0.22021392935678394,0.8207062618614609,0.22209742934170854,1.0242275775837513,0.22345153953266333,1.1331593248864942,0.22427582582914574,1.2474409312990145,0.2246496658643216,1.2799722220441652,0.2246168774221105,1.3209616182576571,0.20963782903015077,1.233882895269335
147,0.22154924170854273,0.8168217540699532,0.22333263346733667,1.0200582036358394,0.22465349452261307,1.1289160173721675,0.22543385526633167,1.2437448648388454,0.22578498082914575,1.2758773322805528,0.2257298737537688,1.3168852367870847,0.21105053348241207,1.229351838802103
148,0.22288455406030153,0.8129377571363601,0.2245678375929648,1.0159025409510263,0.22585544951256284,1.1246954362019097,0.2265918847035176,1.240062668316614,0.22692029579396986,1.2718057010165293,0.22684287008542714,1.3128336643611518,0.2124632379346734,1.2248542879647535
149,0.22421986641206032,0.8090546751577872,0.22580304171859295,1.0117609748484448,0.22705740450251258,1.120497689650811,0.22774991414070353,1.2363930277912822,0.228055610758794,1.2677564459920094,0.22795586641708543,1.3088056953642742,0.2138759423869347,1.220389866506217
150,0.22555517876381911,0.805173002969874,0.22703824584422108,1.0076339627152198,0.22825935949246232,1.1163229395007734,0.22890794357788946,1.2327346486540591,0.2291909257236181,1.2637287056010327,0.22906886274874372,1.3048001333356694,0.215288646839196,1.2159582263293116
151,0.2268904911155779,0.801293326146788,0.22827344996984922,1.0035220340064583,0.22946131448241208,1.1121714010404884,0.2300659730150754,1.2290862556284,0.23032624068844224,1.2597216388917838,0.230181859080402,1.3008157909693612,0.21670135129145732,1.2115590474907445
152,0.2282258034673367,0.7974163210012266,0.22950865409547738,0.9994257902452532,0.23066326947236182,1.1080433430654546,0.23122400245226132,1.2254465927700227,0.23146155565326634,1.2557344255665752,0.2312948554120603,1.2968514901141779,0.21811405574371862,1.2071920382011125
153,0.2295611158190955,0.7935427545844189,0.23074385822110552,0.995345905022686,0.23186522446231156,1.1039390878779751,0.23238203188944725,1.2218144234668777,0.23259687061809048,1.2517662659818565,0.23240785174371859,1.2929060617737531,0.21952676019597991,1.2028569348249007
154,0.2308964281708543,0.7896734846861264,0.23197906234673366,0.991283123997825,0.23306717945226132,1.0998590112871471,0.23354006132663319,1.2181885304391802,0.2337321855829146,1.2478163811482141,0.23352084807537687,1.288978346106524,0.22093946464824124,1.1985535018804838
155,0.23223174052261308,0.7858094598346388,0.2332142664723618,0.9872382648977278,0.23426913444221106,1.0958035426088761,0.23469809076381912,1.2145677157393866,0.2348675005477387,1.2438840127303696,0.23463384440703516,1.2850671924257373,0.22235216910050254,1.1942815320401237
156,0.23356705287437188,0.7819517192967771,0.23444947059798993,0.9832122175174365,0.2354710894321608,1.0917731646658702,0.23585612020100502,1.2109508007522063,0.23600281551256283,1.2399684230471788,0.23574684073869345,1.2811714591994372,0.22376487355276384,1.1900408461299725
157,0.23490236522613067,0.7781013930778942,0.23568467472361807,0.9792059437199772,0.23667304442211057,1.0877684137876273,0.23701414963819095,1.2073366261945995,0.23713813047738694,1.2360688950716319,0.23685983707035174,1.2772900140504784,0.22517757800502514,1.1858312931300705
158,0.23623767757788947,0.7742597019218738,0.2369198788492462,0.9752204774363649,0.2378749994120603,1.0837898798104648,0.23817217907537688,1.2037240521157768,0.23827344544221107,1.2321847324308535,0.23797283340201003,1.2734217337565221,0.22659028245728646,1.1816527501743477
159,0.23757298992964826,0.7704279573111292,0.23815508297487437,0.9712569246656031,0.23907695440201007,1.0798382060774854,0.23933020851256281,1.200111957897196,0.23940876040703518,1.2283152594061129,0.23908582973366832,1.2695655042500293,0.22800298690954776,1.1775051225506217
160,0.23890830228140705,0.7666075614666026,0.2393902871005025,0.9673164634746865,0.2402789093919598,1.0759140894386046,0.24048823794974875,1.196499242252563,0.24054407537185932,1.2244598209328004,0.2401988260653266,1.265720220618268,0.22941569136180906,1.1733883437005996
161,0.24024361463316585,0.7628000073477721,0.24062549122613064,0.9634003439985808,0.24148086438190955,1.0720182802505303,0.24164626738693468,1.192884823227844,0.24167939033668343,1.2206177826004492,0.2413118223969849,1.2618847871033134,0.2308283958140704,1.1693023752198777
162,0.24157892698492464,0.7590068786526429,0.24186069535175878,0.959509888440258,0.24268281937185932,1.0681515823767809,0.2428042968241206,1.1892676382012408,0.24281470530150756,1.2167885306527277,0.2424248187286432,1.2580581171020433,0.23224110026633168,1.1652472068579398
163,0.24291423933668344,0.755229849817749,0.2430958994773869,0.9556464910706648,0.24388477436180905,1.0643148531876738,0.24396232626130654,1.185646643883215,0.24395002026633167,1.2129714719874385,0.24353781506030148,1.2542391331661387,0.23365380471859298,1.1612228565181608
164,0.24424955168844223,0.7514706860181621,0.24433110360301505,0.9518116182287355,0.24508672935175882,1.060509003560321,0.24512035569849247,1.1820208163164736,0.2450853352311558,1.20916603415652,0.24465081139195977,1.2504267670020908,0.23506650917085428,1.157229370257802
165,0.24558486404020102,0.7477312431674763,0.24556630772864319,0.9480068083213968,0.24628868434170856,1.056734997878645,0.2462783851356784,1.1783891508759825,0.2462206501959799,1.205371665366045,0.24576380772361806,1.246619959471193,0.2364792136231156,1.153266822288015
166,0.24692017639195982,0.7440134679178225,0.24680151185427135,0.9442336718235578,0.2474906393316583,1.0529938540333688,0.24743641457286433,1.174750662268941,0.24735596516080405,1.201587834476221,0.24687680405527634,1.2428176605895431,0.2378919180753769,1.1493353149738403
167,0.2482554887437186,0.7403193976598583,0.24803671597989949,0.9404938912781167,0.24869259432160806,1.0492866434220112,0.24859444401005026,1.171104384534813,0.24849128012562816,1.1978140310013945,0.24798980038693463,1.2390188295280429,0.2393046225276382,1.1454349788342062
168,0.2495908010954774,0.7366511605227779,0.24927192010552762,0.9367892212959537,0.2498945493115578,1.045614490948895,0.2497524734472362,1.1674493710453056,0.24962659509045226,1.1940497651100417,0.24910279671859292,1.2352224346124028,0.24071732697989953,1.1415659725419312
169,0.2509261134472362,0.7330109753742984,0.2505071242311558,0.933121488555944,0.25109650430150754,1.0419785750251536,0.2509105028844221,1.1637846945043804,0.25076191005527637,1.1902945676247767,0.2502157930502512,1.231427453323136,0.24213003143216083,1.1377284829237204
170,0.252261425798995,0.7294011518206731,0.2517423283567839,0.9294925918049426,0.2522984592914573,1.038380127568702,0.2520685323216081,1.1601094469482431,0.2518972250201005,1.1865479900223512,0.2513287893819095,1.2276328722955583,0.24354273588442213,1.1339227249601707
171,0.2535967381507538,0.7258240902066806,0.25297753248241206,0.9259045018577932,0.253500414281407,1.034820434004283,0.253226561758794,1.1564227397453508,0.25303253998492464,1.1828096044336474,0.2524417857135678,1.2238376873197958,0.24495544033668343,1.130148941785766
172,0.2549320505025126,0.7222822816156431,0.2542127366080402,0.922359261597328,0.25470236927135675,1.031300833263416,0.2543845911959799,1.1527237035964135,0.25416785494974875,1.1790790036436878,0.2535547820452261,1.2200409033407769,0.24636814478894475,1.1264074046888788
173,0.2562673628542714,0.7187783078693948,0.25544794073366833,0.9188589859743663,0.25590432426130655,1.0278227177844372,0.25554262063316585,1.1490114885343892,0.2553031699145729,1.1753558010916234,0.2546677783768844,1.2162415344582325,0.24778084924120605,1.1226984131117714
174,0.2576026752060302,0.715314841528317,0.2566831448592965,0.9154058620077103,0.2571062792512563,1.0243875335124786,0.25670065007035175,1.145285263924487,0.256438484879397,1.1716396308707488,0.2557807747085427,1.2124386039267048,0.24919355369346735,1.1190222946505943
175,0.25893798755778896,0.7118946458913094,0.2579183489849246,0.9120021487841541,0.258308234241206,1.0209967798994795,0.2578586795075377,1.1415442184641642,0.25757379984422113,1.1679301477284887,0.256893771040201,1.2086311441555333,0.2506062581457287,1.115379405055388
176,0.2602732999095478,0.708520574995815,0.25915355311055277,0.9086501774584743,0.25951018923115576,1.017652009904173,0.2590167089447236,1.1377875601831318,0.25870911480904524,1.1642270270664032,0.2580067673718593,1.204818196708867,0.25201896259798995,1.1117701282300803
177,0.26160861226130655,0.7051955736177953,0.2603887572361809,0.9053523512534354,0.2607121442211055,1.0143548299921008,0.2601747383819095,1.1340145164433428,0.25984442977386935,1.1605299649401863,0.2591197637035176,1.2009988123056603,0.2534316670502513,1.1081948762324878
178,0.26294392461306537,0.7019226772717482,0.26162396136180904,0.9021111454597937,0.2619140992110553,1.0111069001356001,0.2613327678190955,1.130224333939009,0.26097974473869345,1.1568386780596742,0.26023276003517587,1.1971720508196722,0.2548443715025126,1.1046540892743177
179,0.26427923696482414,0.6987050122107017,0.2628591654874372,0.898929107436286,0.26311605420100503,1.0079099338138109,0.26249079725628144,1.1264162786965883,0.2621150597035176,1.15315290378883,0.26134575636683416,1.1933369812794647,0.25625707595477387,1.101148235721164
180,0.26561454931658296,0.695545795426221,0.2640943696130653,0.8958088566096332,0.2643180091909548,1.0047656980126822,0.26364882669346734,1.1225896360747858,0.2632503746683417,1.1494724001457564,0.26245875269849245,1.1894926818684066,0.2576697804070352,1.097677812092512
181,0.2669498616683417,0.6924483346483861,0.2653295737386935,0.8927530844745553,0.2655199641809045,1.0016760132249516,0.26480685613065325,1.118743710764564,0.26438568963316583,1.145796945802688,0.26357174903015074,1.1856382399246694,0.2590824848592965,1.0942433430617324
182,0.26828517402010055,0.6894160283458253,0.2665647778643216,0.8897645545937469,0.26672191917085425,0.9986427534501727,0.2659648855678392,1.114877826789126,0.26552100459799,1.1421263400860022,0.264684745361809,1.1817727519412329,0.2604951893115578,1.0908453814560881
183,0.2696204863718593,0.686452365725684,0.26779998198994975,0.8868461025978944,0.26792387416080404,0.9956678461946908,0.26712291500502516,1.1109913275039327,0.2666563195628141,1.1384604029762042,0.2657977416934673,1.1778953235658798,0.2619078937638191,1.0874845082567288
184,0.27095579872361814,0.683560926733648,0.26903518611557786,0.8840006361856765,0.2691258291507538,0.992753272471655,0.26828094444221107,1.1070835755966915,0.2677916345276382,1.1347989751079361,0.2669107380251256,1.174005069601201,0.26332059821608045,1.0841613325986938
185,0.2722911110753769,0.6807453820539302,0.270270390241206,0.8812311351237461,0.2703277841407035,0.9899010668010155,0.26943897387939697,1.10315395308736,0.2689269494924623,1.1311419177699737,0.2680237343567839,1.1701011140045865,0.2647333026683417,1.0808764917709108
186,0.2736264234271357,0.6780094931092706,0.2715055943668342,0.8785406512467513,0.27152973913065326,0.9871133172095288,0.27059700331658293,1.0992018613281425,0.2700622644572864,1.1274891129052347,0.2691367306884422,1.166182589888236,0.26614600712060305,1.0776306512161962
187,0.2749617357788945,0.6753571120609467,0.2727407984924623,0.8759323084573309,0.272731694120603,0.9843921652307475,0.2717550327537689,1.095226721003503,0.27119757942211054,1.1238404631107666,0.27024972702010047,1.1622486395191522,0.26755871157286437,1.0744245045312573
188,0.2762970481306533,0.6727921818087617,0.27397600261809046,0.8734093027260967,0.27393364911055273,0.9817398059050255,0.2729130621909548,1.0912279721301443,0.2723328943869347,1.1201958916377506,0.27136272335175876,1.1582984143191428,0.26897141602512564,1.0712587734666865
189,0.2776323604824121,0.670318735991053,0.2752112067437186,0.8709749020916635,0.27513560410050253,0.9791584877795252,0.2740710916281407,1.087205074057024,0.2734682093517588,1.1165553423915058,0.27247571968341705,1.1543310748648206,0.27038412047738697,1.0681342079269678
190,0.2789676728341709,0.6679408989846833,0.27644641086934674,0.8686324466606203,0.27633755909045227,0.9766505129082015,0.27522912106532665,1.0831575054653513,0.27460352431658297,1.1129187799314906,0.27358871601507534,1.1503457908876062,0.27179682492964824,1.0650515859704743
191,0.28030298518592967,0.6656628859050513,0.27768161499497485,0.8663853486075488,0.277539514080402,0.9742182368518146,0.2763871505025126,1.0790847643685835,0.2757388392814071,1.1092861894712938,0.27470171234673363,1.1463417412737216,0.27320952938190957,1.0620117138094658
192,0.2816382975376885,0.663489002606088,0.278916819120603,0.8642370921750206,0.27874146907035174,0.9718640686779345,0.2775451799396985,1.0749863681124254,0.2768741542462312,1.1056575768786354,0.2758147086783919,1.1423181140641954,0.2746222338341709,1.0590154258100934
193,0.28297360988944725,0.6614236456802445,0.2801520232462312,0.8621912336735824,0.2799434240603015,0.9695904709609189,0.2787032093768844,1.0708618533748386,0.2780094692110553,1.1020329686753771,0.2769277050100502,1.1382741064548596,0.27603493828643216,1.056063584492394
194,0.2843089222412061,0.659471302458519,0.2813872273718593,0.8602514014817828,0.2811453790502513,0.9673999597819369,0.2798612388140703,1.0667107761660266,0.2791447841758794,1.0984124120375163,0.2780407013417085,1.1342089247963534,0.2774476427386935,1.0531570805302963
195,0.28564423459296484,0.6576365510104232,0.28262243149748745,0.8584212960461457,0.282347334040201,0.9652951047289511,0.2810192682512563,1.0625327118284469,0.2802800991407035,1.0947959747951819,0.2791536976733668,1.130121784594118,0.2788603471909548,1.0502968327516173
196,0.28697954694472366,0.6559240601440144,0.28385763562311556,0.8567046898811856,0.28354928903015075,0.9632785288967378,0.28217729768844224,1.058327255036808,0.2814154141055276,1.0911837454326405,0.2802666940050251,1.126011910508403,0.2802730516432161,1.0474837881380599
197,0.28831485929648243,0.6543385894058718,0.2850928397487437,0.8551054275694137,0.2847512440201005,0.9613529088868589,0.28333532712562814,1.0540940197980673,0.2825507290703518,1.0875758330882905,0.28137969033668336,1.1218785363542647,0.2816857560954774,1.0447189218252197
198,0.28965017164824125,0.652884989081099,0.28632804387437183,0.8536274257613021,0.28595319901005023,0.959520974807694,0.28449335656281405,1.0498326394514303,0.2836860440351759,1.0839723675546722,0.28249268666834165,1.1177209051015549,0.28309846054773874,1.0420032371025796
199,0.290985484,0.6515682001933558,0.287563248,0.8522746731753363,0.287155154,0.9577855102744106,0.285651386,1.0455427666683539,0.284821359,1.0803734992784535,0.283605683,1.1135382688749416,0.284511165,1.03933776541351
