name,R/c = 85,R/c = 85,R/c = 80,R/c = 80,R/c = 75,R/c = 75,R/c = 70,R/c = 70,R/c = 65,R/c = 65,R/c = 60,R/c = 60,R/c = 55,R/c = 55,R/c = 50,R/c = 50,R/c = 40,R/c = 40,R/c = 30,R/c = 30,R/c = 20,R/c = 20
axis,a/b,beta,a/b,beta,a/b,beta,a/b,beta,a/b,beta,a/b,beta,a/b,beta,a/b,beta,a/b,beta,a/b,beta,a/b,beta
0,0.02099999999999999,2.1354581300842677,0.02099999999999999,1.9292212536450177,0.02099999999999999,1.7558831511608368,0.02099999999999999,1.6007372977564651,0.02099999999999999,1.4803354477538853,0.02099999999999999,1.377860242009446,0.02099999999999999,1.2913172324613285,0.021000000000000046,1.2212360976088181,0.02099999999999999,1.1187548332454154,0.021000000000000046,1.060061478784139,0.007233840611343939,1.024027292919261
1,0.02746464646464646,2.134243534227742,0.028272727272727265,1.9273603297994346,0.02867676767676767,1.7537056217318616,0.029080808080808075,1.5988412918215937,0.02928282828282828,1.478288177556869,0.02948484848484848,1.3758147045911024,0.02968686868686868,1.289475440346162,0.029686868686868734,1.2198200993519177,0.02968686868686868,1.1178480348960411,0.029686868686868737,1.0592258080253236,0.016189068693865792,1.0236830977809097
2,0.03392929292929293,2.133053364574426,0.03554545454545454,1.9255344524058566,0.036353535353535346,1.7515686077118597,0.03716161616161616,1.5969817855465034,0.037565656565656566,1.4762822916186598,0.037969696969696966,1.3738125703386976,0.03837373737373737,1.2876744869476506,0.03837373737373742,1.2184368183208476,0.03837373737373737,1.1169640162428829,0.03837373737373743,1.058410755745856,0.02514429677638765,1.023347851361497
3,0.04039393939393939,2.1318876211243203,0.04281818181818181,1.9237436214642838,0.04403030303030303,1.7494721091008312,0.045242424242424244,1.595158778931194,0.04584848484848485,1.4743177899392577,0.04645454545454546,1.3718538392522317,0.04706060606060607,1.2859143722657949,0.04706060606060611,1.217086254515608,0.04706060606060607,1.1161027772859402,0.04706060606060612,1.0576163219457355,0.034099524858909505,1.023021553661023
4,0.04685858585858586,2.1307463038774244,0.05009090909090909,1.921987836974716,0.05170707070707071,1.7474161258987762,0.05332323232323233,1.5933722719756658,0.054131313131313134,1.4723946725186627,0.05493939393939394,1.3699385113317042,0.055747474747474754,1.2841950963005946,0.055747474747474796,1.215768407936199,0.055747474747474754,1.1152643180252135,0.05574747474747481,1.0568425066249627,0.04305475294143136,1.0227042046794876
5,0.05332323232323233,2.1296294128337383,0.05736363636363637,1.9202670989371535,0.059383838383838386,1.7454006581056942,0.06140404040404041,1.5916222646799185,0.06241414141414142,1.4705129393568748,0.06342424242424242,1.3680665865771153,0.06443434343434344,1.2825166590520496,0.06443434343434348,1.2144832785826203,0.06443434343434344,1.1144486384607026,0.0644343434343435,1.0560893097835373,0.05200998102395321,1.022395804416891
6,0.05978787878787879,2.128536947993262,0.06463636363636363,1.918581407351596,0.06706060606060607,1.7434257057215858,0.0694848484848485,1.5899087570439525,0.0706969696969697,1.468672590453894,0.07190909090909092,1.3662380649884651,0.07312121212121214,1.28087906052016,0.07312121212121217,1.213230866454872,0.07312121212121214,1.1136557385924075,0.0731212121212122,1.0553567314214596,0.06096520910647507,1.0220963528732332
7,0.06625252525252526,2.1274689093559958,0.07190909090909091,1.9169307622180436,0.07473737373737374,1.7414912687464508,0.07756565656565659,1.5882317490677673,0.07897979797979798,1.4668736258097204,0.0803939393939394,1.3644529465657538,0.08180808080808083,1.2792823007049259,0.08180808080808086,1.2120111715529545,0.08180808080808083,1.1128856184203282,0.08180808080808089,1.0546447715387293,0.06992043718899692,1.0218058500485139
8,0.07271717171717174,2.126425296921939,0.07918181818181819,1.9153151635364964,0.08241414141414143,1.739597347180289,0.08564646464646467,1.5865912407513634,0.08726262626262628,1.4651160454243537,0.08887878787878789,1.3627112313089809,0.09049494949494952,1.2777263796063472,0.09049494949494954,1.2108241938768671,0.09049494949494952,1.1121382779444648,0.09049494949494957,1.0539534301353464,0.07887566527151878,1.0215242959427335
9,0.07918181818181819,2.125406110691092,0.08645454545454546,1.9137346113069544,0.09009090909090911,1.7377439410231008,0.09372727272727274,1.5849872320947405,0.09554545454545456,1.4633998492977942,0.09736363636363637,1.3610129192181466,0.0991818181818182,1.2762112972244237,0.09918181818181823,1.2096699334266101,0.0991818181818182,1.111413717164817,0.09918181818181826,1.053282707211311,0.08783089335404064,1.0212516905558915
10,0.08564646464646467,2.124411350663456,0.09372727272727274,1.9121891055294173,0.09776767676767678,1.7359310502748857,0.10180808080808083,1.5834197230978986,0.10382828282828285,1.4617250374300417,0.10584848484848486,1.359358010293251,0.10786868686868689,1.2747370535591558,0.10786868686868692,1.2085483902021839,0.10786868686868689,1.1107119360813853,0.10786868686868695,1.0526326027666228,0.09678612143656248,1.0209880338879884
11,0.09211111111111113,2.123441016839029,0.101,1.9106786462038854,0.10544444444444447,1.7341586749356441,0.10988888888888892,1.5818887137608377,0.11211111111111113,1.4600916098210963,0.11433333333333336,1.357746504534294,0.11655555555555559,1.2733036486105433,0.1165555555555556,1.2074595642035877,0.11655555555555559,1.110032934694169,0.11655555555555565,1.0520031168012824,0.10574134951908434,1.0207333259390239
12,0.0985757575757576,2.122495109217812,0.10827272727272728,1.9092032333303588,0.11312121212121215,1.7324268150053759,0.117969696969697,1.580394204083558,0.12039393939393941,1.4584995664709581,0.12281818181818184,1.356178401941276,0.12524242424242427,1.2719110823785862,0.1252424242424243,1.2064034554308223,0.12524242424242427,1.1093767130031689,0.12524242424242432,1.0513942493152895,0.1146965776016062,1.020487566708998
13,0.10504040404040406,2.1215736277998047,0.11554545454545456,1.9077628669088371,0.12079797979797982,1.730735470484081,0.12605050505050508,1.5789361940660593,0.12867676767676772,1.456948907379627,0.1313030303030303,1.3546537025141963,0.13392929292929295,1.2705593548632845,0.13392929292929298,1.2053800638838872,0.13392929292929295,1.1087432710083844,0.133929292929293,1.0508060003086441,0.12365180568412805,1.020250756197911
14,0.11150505050505054,2.1206765725850074,0.12281818181818183,1.9063575469393206,0.12847474747474752,1.7290846413717595,0.13413131313131316,1.5775146837083416,0.136959595959596,1.4554396325471028,0.13978787878787882,1.3531724062530552,0.14261616161616167,1.2692484660646381,0.14261616161616167,1.2043893895627824,0.14261616161616167,1.1081326087098158,0.14261616161616172,1.050238369781346,0.1326070337666499,1.0200228944057625
15,0.117969696969697,2.11980394357342,0.1300909090909091,1.9049872734218092,0.1361515151515152,1.7274743276684112,0.14221212121212126,1.576129673010405,0.14524242424242428,1.453971741973386,0.1482727272727273,1.3517345131578529,0.15130303030303036,1.2679784159826473,0.15130303030303036,1.2034314324675082,0.15130303030303036,1.1075447261074631,0.1513030303030304,1.0496913577333955,0.14156226184917176,1.0198039813325528
16,0.12443434343434347,2.1189557407650423,0.13736363636363638,1.903652046356303,0.14382828282828286,1.7259045293740365,0.15029292929292934,1.5747811619722496,0.15352525252525256,1.452545235658476,0.1567575757575758,1.3503400232285891,0.15998989898989904,1.2667492046173117,0.15998989898989904,1.2025061925980645,0.15998989898989904,1.106979623201326,0.1599898989898991,1.0491649641647927,0.15051748993169362,1.0195940169782818
17,0.13089898989898993,2.118131964159875,0.14463636363636367,1.9023518657428018,0.15150505050505053,1.724375246488635,0.15837373737373742,1.5734691505938752,0.16180808080808085,1.4511601136023733,0.16524242424242427,1.3489889364652643,0.16867676767676773,1.2655608319686316,0.16867676767676773,1.201613669954451,0.16867676767676773,1.1064372999914047,0.16867676767676779,1.048659189075537,0.15947271801421548,1.0193930013429493
18,0.1373636363636364,2.117332613757917,0.15190909090909094,1.9010867315813058,0.15918181818181823,1.722886479012207,0.1664545454545455,1.5721936388752817,0.17009090909090913,1.4498163758050777,0.17372727272727276,1.3476812528678779,0.17736363636363642,1.2644132980366067,0.17736363636363642,1.2007538645366682,0.17736363636363642,1.1059177564776994,0.17736363636363647,1.048174032465629,0.16842794609673734,1.0192009344265556
19,0.14382828282828286,2.116557689559169,0.1591818181818182,1.8998566438718147,0.1668585858585859,1.7214382269447521,0.1745353535353536,1.5709546268164694,0.17837373737373743,1.448514022266589,0.18221212121212124,1.34641697243643,0.1860505050505051,1.2633066028212374,0.1860505050505051,1.199926776344716,0.1860505050505051,1.1054209926602099,0.18605050505050516,1.0477094943350684,0.17738317417925917,1.0190178162291006
20,0.15029292929292934,2.1158071915636314,0.1664545454545455,1.898661602614329,0.17453535353535357,1.7200304902862706,0.18261616161616168,1.5697521144174382,0.18665656565656571,1.4472530529869077,0.19069696969696973,1.345196095170921,0.1947373737373738,1.2622407463225236,0.1947373737373738,1.199132405378594,0.1947373737373738,1.1049470085389361,0.19473737373737385,1.0472655746838553,0.18633840226178103,1.0188436467505844
21,0.1567575757575758,2.115081119771303,0.17372727272727276,1.8975016078088482,0.18221212121212127,1.7186632690367627,0.19069696969696975,1.568586101678188,0.194939393939394,1.4460334679660332,0.19918181818181824,1.3440186210713505,0.2034242424242425,1.261215728540465,0.20342424242424248,1.1983707516383022,0.2034242424242425,1.1044958041138782,0.20342424242424256,1.0468422735119898,0.1952936303443029,1.0186784259910067
22,0.16322222222222227,2.114379474182185,0.18100000000000002,1.8963766594553728,0.18988888888888894,1.717336563196228,0.19877777777777786,1.5674565885987188,0.20322222222222228,1.4448552672039658,0.20766666666666672,1.342884550137719,0.2121111111111112,1.260231549475062,0.21211111111111117,1.197641815123841,0.2121111111111112,1.104067379385036,0.21211111111111125,1.0464395908194717,0.20424885842682475,1.0185221539503677
23,0.16968686868686875,2.1137022547962765,0.1882727272727273,1.8952867575539023,0.1975656565656566,1.7160503727646668,0.20685858585858594,1.5663635751790308,0.21150505050505056,1.4437184507007057,0.2161515151515152,1.3417938823700257,0.22079797979797988,1.2592882091263142,0.22079797979797985,1.1969455958352104,0.22079797979797988,1.1036617343524096,0.22079797979797994,1.046057526606301,0.2132040865093466,1.0183748306286675
24,0.1761515151515152,2.113049461613578,0.19554545454545458,1.894231902104437,0.2052424242424243,1.7148046977420788,0.214939393939394,1.5653070614191238,0.21978787878787884,1.4426230184562525,0.2246363636363637,1.3407466177682712,0.22948484848484857,1.258385707494222,0.22948484848484854,1.1962820937724101,0.22948484848484857,1.103278869015999,0.22948484848484862,1.0456960808724778,0.22215931459186847,1.0182364560259058
25,0.18261616161616168,2.11242109463409,0.20281818181818184,1.893212093106977,0.21291919191919198,1.713599538128464,0.2230202020202021,1.5642870473189978,0.22807070707070715,1.4415689704706065,0.23312121212121217,1.3397427563324553,0.23817171717171726,1.257524044578785,0.23817171717171723,1.1956513089354404,0.23817171717171726,1.1029187833758043,0.2381717171717173,1.0453552536180022,0.2311145426743903,1.018107030142083
26,0.18908080808080813,2.1118171538578108,0.21009090909090913,1.8922273305615218,0.22059595959595965,1.7124348939238228,0.23110101010101017,1.5633035328786529,0.23635353535353543,1.4405563067437677,0.24160606060606066,1.3387822980625783,0.24685858585858594,1.2567032203800035,0.24685858585858592,1.1950532413243011,0.24685858585858594,1.1025814774318254,0.246858585858586,1.045035044842874,0.24006977075691216,1.0179865529771988
27,0.1955454545454546,2.111237639284742,0.2173636363636364,1.8912776144680716,0.22827272727272732,1.711310765128155,0.23918181818181827,1.5623565180980892,0.2446363636363637,1.4395850272757358,0.25009090909090914,1.3378652429586397,0.25554545454545463,1.2559232348978775,0.25554545454545463,1.1944878909389922,0.25554545454545463,1.1022669511840621,0.2555454545454547,1.0447354545470933,0.24902499883943402,1.0178750245312533
28,0.20201010101010108,2.110682550914883,0.22463636363636366,1.8903629448266268,0.23594949494949502,1.7102271517414604,0.24726262626262635,1.5614460029773063,0.252919191919192,1.438655132066511,0.2585757575757577,1.3369915910206398,0.2642323232323234,1.2551840881324068,0.26423232323232326,1.1939552577795136,0.2642323232323234,1.1019752046325149,0.2642323232323234,1.0444564827306602,0.2579802269219559,1.0177724448042464
29,0.20847474747474753,2.110151888748234,0.23190909090909095,1.8894833216371871,0.2436262626262627,1.7091840537637393,0.25534343434343443,1.5605719875163047,0.26120202020202027,1.4377666211160935,0.2670606060606061,1.3361613422485785,0.272919191919192,1.2544857800835914,0.272919191919192,1.1934553418458655,0.272919191919192,1.1017062377771834,0.2729191919191921,1.0441981293935745,0.2669354550044777,1.0176788137961783
30,0.214939393939394,2.1096456527847947,0.23918181818181822,1.8886387448997526,0.25130303030303036,1.7081814711949914,0.26342424242424256,1.559734471715084,0.26948484848484855,1.436919494424483,0.27554545454545465,1.335374496642456,0.28160606060606075,1.2538283107514316,0.28160606060606064,1.192988143138048,0.28160606060606075,1.1014600506180678,0.28160606060606075,1.0439603945358362,0.2758906830869996,1.0175941315070487
31,0.22140404040404046,2.1091638430245654,0.2464545454545455,1.8878292146143232,0.2589797979797981,1.7072194040352169,0.2715050505050506,1.5589334555736445,0.2777676767676769,1.4361137519916796,0.2840303030303031,1.3346310542022721,0.2902929292929294,1.253211680135927,0.2902929292929294,1.192553661656061,0.2902929292929294,1.101236643155168,0.2902929292929295,1.0437432781574454,0.2848459111695214,1.017518397936858
32,0.22786868686868694,2.108706459467546,0.2537272727272728,1.8870547307808987,0.2666565656565657,1.7062978522844159,0.2795858585858587,1.558168939091986,0.2860505050505051,1.4353493938176831,0.2925151515151516,1.3339310149280268,0.2989797979797981,1.252635888237078,0.298979797979798,1.1921518973999043,0.2989797979797981,1.1010360153884837,0.2989797979797981,1.0435467802584022,0.2938011392520433,1.017451613085606
33,0.23433333333333342,2.1082735021137364,0.261,1.8863152933994796,0.27433333333333343,1.7054168159425882,0.28766666666666674,1.5574409222701087,0.29433333333333345,1.4346264199024938,0.30100000000000005,1.33327437881972,0.30766666666666675,1.2521009350548844,0.30766666666666675,1.191782850369578,0.30766666666666675,1.1008581673180156,0.30766666666666687,1.0433709008387064,0.3027563673345651,1.0173937769532924
34,0.24079797979797987,2.1078649709631367,0.26827272727272733,1.8856109024700654,0.28201010101010104,1.7045762950097338,0.29574747474747487,1.5567494051080122,0.30261616161616167,1.4339448302461117,0.3094848484848486,1.3326611458773523,0.3163535353535355,1.251606820589346,0.3163535353535354,1.1914465205650822,0.3163535353535355,1.1007030989437632,0.3163535353535355,1.043215639898358,0.31171159541708704,1.0173448895399178
35,0.24726262626262635,2.107480866015747,0.27554545454545465,1.8849415579926563,0.28968686868686877,1.7037762894858528,0.3038282828282829,1.556094387605697,0.31089898989899,1.4333046248485366,0.317969696969697,1.332091316100923,0.32504040404040413,1.2511535448404631,0.32504040404040413,1.1911429079864169,0.32504040404040413,1.1005708102657263,0.32504040404040424,1.0430809974373572,0.32066682349960884,1.0173049508454817
36,0.2537272727272728,2.107121187271567,0.28281818181818186,1.8843072599672523,0.2973636363636365,1.703016799370945,0.311909090909091,1.5554758697631628,0.31918181818181823,1.4327058037097686,0.32645454545454555,1.3315648894904322,0.3337272727272729,1.2507411078082358,0.33372727272727276,1.1908720126335819,0.3337272727272729,1.1004613012839055,0.3337272727272729,1.0429669734557039,0.32962205158213076,1.0172739608699843
37,0.2601919191919193,2.106785934730597,0.2900909090909092,1.8837080083938536,0.3050404040404041,1.702297824665011,0.31998989898989916,1.5548938515804094,0.32746464646464657,1.4321483668298078,0.334939393939394,1.33108186604588,0.3424141414141415,1.2503695094926637,0.3424141414141415,1.1906338345065774,0.3424141414141415,1.1003745719983005,0.3424141414141416,1.042873567953398,0.33857727966465256,1.0172519196134255
38,0.26665656565656576,2.1064751083928366,0.2973636363636364,1.88314380327246,0.31271717171717184,1.7016193653680498,0.3280707070707072,1.5543483330574372,0.3357474747474749,1.431632314208654,0.3434242424242425,1.3306422457672669,0.35110101010101025,1.250038749893747,0.35110101010101014,1.1904283736054033,0.35110101010101025,1.1003106224089114,0.35110101010101025,1.0428007809304396,0.34753250774717437,1.0172388270758057
39,0.2731212121212122,2.106188708258286,0.3046363636363637,1.8826146446030714,0.32039393939393945,1.7009814214800623,0.3361515151515153,1.5538393141942464,0.34403030303030313,1.4311576458463073,0.35190909090909095,1.330246028654592,0.3597878787878789,1.2497488290114858,0.3597878787878789,1.1902556299300597,0.3597878787878789,1.100269452515738,0.359787878787879,1.0427486123868288,0.3564877358296963,1.0172346832571244
40,0.2795858585858587,2.105926734326946,0.311909090909091,1.882120532385688,0.3280707070707072,1.700383993001048,0.34423232323232333,1.5533667949908363,0.35231313131313147,1.4307243617427676,0.3603939393939395,1.329893214707856,0.3684747474747476,1.24949974684588,0.3684747474747475,1.1901156034805467,0.3684747474747476,1.1002510623187804,0.3684747474747476,1.0427170623225654,0.3654429639122181,1.0172394881573816
41,0.2860505050505051,2.1056891865988154,0.31918181818181823,1.8816614666203098,0.3357474747474748,1.6998270799310071,0.35231313131313147,1.5529307754472073,0.3605959595959597,1.4303324618980353,0.36887878787878803,1.3295838039270584,0.37716161616161636,1.2492915033969294,0.37716161616161625,1.190008294256864,0.37716161616161636,1.1002554518180385,0.37716161616161636,1.0427061307376495,0.37439819199474,1.0172532417765778
42,0.2925151515151516,2.1054760650738946,0.32645454545454555,1.8812374473069366,0.3434242424242425,1.6993106822699398,0.3603939393939395,1.5525312555633595,0.36887878787878803,1.4299819463121097,0.37736363636363646,1.3293177963121998,0.385848484848485,1.2491240986646344,0.3858484848484849,1.1899337022590117,0.385848484848485,1.1002826210135126,0.3858484848484851,1.042715817632081,0.3833534200772618,1.0172759441147126
43,0.2989797979797981,2.1052873697521837,0.33372727272727276,1.8808484744455685,0.35110101010101025,1.6988348000178455,0.3684747474747476,1.5521682353392927,0.37716161616161625,1.4296728149849915,0.385848484848485,1.3290951918632796,0.39453535353535374,1.2489975326489948,0.39453535353535363,1.1898918274869899,0.39453535353535374,1.1003325699052025,0.39453535353535374,1.0427461230058601,0.3923086481597837,1.017307595171786
44,0.3054444444444445,2.105123100633683,0.3410000000000001,1.8804945480362056,0.35877777777777786,1.6983994331747247,0.37655555555555575,1.551841714775007,0.3854444444444446,1.4294050679166803,0.3943333333333334,1.328915990580298,0.40322222222222237,1.2489118053500106,0.40322222222222226,1.1898826699407985,0.40322222222222237,1.100405298493108,0.4032222222222225,1.0427970468589867,0.40126387624230553,1.017348194947798
45,0.311909090909091,2.104983257718392,0.3482727272727273,1.8801756680788477,0.3664545454545456,1.6980045817405773,0.3846363636363638,1.5515516938705023,0.3937272727272728,1.4291787051071763,0.40281818181818196,1.3287801924632552,0.4119090909090911,1.2488669167676818,0.411909090909091,1.1899062296204375,0.4119090909090911,1.1005008067772295,0.4119090909090911,1.0428685891914606,0.41021910432482744,1.0173977434427488
46,0.31837373737373753,2.104867841006311,0.3555454545454546,1.879891834573495,0.3741313131313132,1.6976502457154032,0.3927171717171719,1.5512981726257786,0.40201010101010115,1.4289937265564792,0.4113030303030304,1.3286877975121512,0.42059595959595975,1.2488628669020083,0.42059595959595963,1.189962506525907,0.42059595959595975,1.1006190947575667,0.42059595959595986,1.0429607500032823,0.41917433240734925,1.0174562406566383
47,0.3248383838383839,2.1047768504974393,0.36281818181818193,1.8796430475201475,0.38180808080808093,1.6973364250992025,0.40079797979797993,1.551081151040836,0.4102929292929294,1.4288501322645892,0.41978787878787893,1.3286388057269856,0.4292828282828285,1.2488996557529903,0.4292828282828284,1.190051500657207,0.4292828282828285,1.10076016243412,0.4292828282828285,1.0430735292944513,0.42812956048987116,1.0175236865894666
48,0.33130303030303043,2.104710286191778,0.37009090909090914,1.879429306918805,0.38948484848484866,1.697063119891975,0.40887878787878806,1.5509006291156746,0.4185757575757577,1.4287479222315065,0.42827272727272736,1.3286332171077586,0.4379696969696971,1.2489772833206276,0.437969696969697,1.1901732120143373,0.4379696969696971,1.1009240098068886,0.43796969696969723,1.0432069270649678,0.43708478857239297,1.0176000812412334
49,0.33776767676767694,2.1046681480893263,0.37736363636363646,1.8792506127694677,0.39716161616161627,1.696830330093721,0.4169595959595961,1.5507566068502943,0.42685858585858605,1.4286870964572307,0.4367575757575759,1.3286710316544703,0.44665656565656586,1.2490957496049204,0.44665656565656575,1.1903276405972982,0.44665656565656586,1.1011106368758734,0.44665656565656586,1.0433609433148316,0.4460400166549148,1.017685424611939
50,0.34423232323232333,2.104650436190085,0.38463636363636367,1.8791069650721355,0.404838383838384,1.6966380557044405,0.4250404040404042,1.5506490842446947,0.4351414141414143,1.428667654941762,0.44524242424242433,1.3287522493671209,0.4553434343434345,1.2492550546058687,0.4553434343434344,1.1905147864060894,0.4553434343434345,1.101320043641074,0.4553434343434346,1.0435355780440432,0.4549952447374367,1.0177797167015832
51,0.35069696969696984,2.104657150494053,0.391909090909091,1.8789983638268084,0.4125151515151516,1.6964862967241332,0.43312121212121224,1.5505780612988764,0.4434242424242426,1.4286895976851004,0.45372727272727287,1.3288768702457099,0.46403030303030324,1.2494551983234723,0.4640303030303031,1.1907346494407112,0.46403030303030324,1.10155223010249,0.46403030303030324,1.0437308312526021,0.4639504728199585,1.0178829575101662
52,0.35716161616161624,2.104688291001231,0.3991818181818183,1.8789248090334862,0.42019191919191934,1.6963750531527992,0.4412020202020204,1.5505435380128392,0.45170707070707083,1.428752924687246,0.4622121212121213,1.3290448942902375,0.47271717171717187,1.2496961807577311,0.47271717171717176,1.1909872297011634,0.47271717171717187,1.1018071962601224,0.472717171717172,1.0439467029405085,0.4729057009024804,1.0179951470376878
53,0.36362626262626274,2.104743857711619,0.4064545454545455,1.8788863006921694,0.42786868686868695,1.6963043249904386,0.4492828282828285,1.5505455143865832,0.45998989898989917,1.4288576359481986,0.47069696969696984,1.3292563215007038,0.4814040404040406,1.2499780019086455,0.4814040404040405,1.191272527187446,0.4814040404040406,1.1020849421139702,0.4814040404040406,1.0441831931077623,0.4818609289850022,1.018116285284148
54,0.37009090909090925,2.104823850625217,0.41372727272727283,1.8788828388028578,0.4355454545454547,1.6962741122370515,0.4573636363636365,1.550583990420108,0.4682727272727274,1.4290037314679584,0.47918181818181826,1.329511151877109,0.49009090909090924,1.2503006617762153,0.49009090909090913,1.191590541899559,0.49009090909090924,1.102385467664034,0.49009090909090935,1.0444403017543638,0.49081615706752413,1.018246372249547
55,0.37655555555555564,2.104928269742025,0.42100000000000004,1.878914423365551,0.4432222222222224,1.6962844148926377,0.46544444444444466,1.5506589661134138,0.47655555555555573,1.4291912112465253,0.4876666666666668,1.3298093854194526,0.498777777777778,1.2506641603604405,0.4987777777777779,1.1919412738375026,0.498777777777778,1.1027087729103133,0.498777777777778,1.0447180288803126,0.49977138515004593,1.0183854079338845
56,0.38302020202020215,2.105057115062042,0.42827272727272736,1.8789810543802496,0.45089898989899,1.6963352329571972,0.4735252525252527,1.550770441466501,0.48483838383838396,1.429420075283899,0.49615151515151534,1.3301510221277348,0.5074646464646467,1.251068497661321,0.5074646464646465,1.1923247230012763,0.5074646464646467,1.1030548578528088,0.5074646464646467,1.045016374485609,0.5087266132325677,1.018533392337161
57,0.38948484848484866,2.1052103865852696,0.4355454545454547,1.8790827318469532,0.45857575757575775,1.69642656643073,0.4816060606060608,1.550918416479369,0.4931212121212123,1.4296903235800802,0.5046363636363638,1.3305360620019557,0.5161515151515154,1.2515136736788572,0.5161515151515152,1.1927408893908809,0.5161515151515154,1.10342372249152,0.5161515151515155,1.0453353385702528,0.5176818413150897,1.018690325459376
58,0.39594949494949505,2.105388084311707,0.4428181818181819,1.8792194557656619,0.46625252525252536,1.6965584153132363,0.48968686868686884,1.5511028911520182,0.5014040404040405,1.4300019561350683,0.5131212121212123,1.3309645050421155,0.5248383838383841,1.2519996884130487,0.5248383838383839,1.1931897730063157,0.5248383838383841,1.103815366826447,0.5248383838383841,1.0456749211342442,0.5266370693976115,1.0188562073005298
59,0.40241414141414156,2.1055902082413542,0.4500909090909092,1.8793912261363757,0.4739292929292931,1.6967307796047157,0.49776767676767697,1.5513238654844483,0.5096868686868689,1.4303549729488634,0.5216060606060607,1.3314363512482137,0.5335252525252527,1.2525265418638953,0.5335252525252526,1.1936713738475808,0.5335252525252527,1.1042297908575898,0.5335252525252527,1.046035122177583,0.5355922974801334,1.0190310378606222
60,0.40887878787878806,2.1058167583742113,0.4573636363636364,1.8795980429590946,0.4816060606060607,1.6969436593051688,0.5058484848484851,1.5515813394766595,0.5179696969696972,1.4307493740214658,0.5300909090909093,1.3319516006202505,0.5422121212121215,1.2530942340313975,0.5422121212121213,1.1941856919146767,0.5422121212121215,1.1046669945849483,0.5422121212121215,1.0464159417002692,0.5445475255626552,1.0192148171396531
61,0.41534343434343446,2.1060677347102783,0.46463636363636374,1.8798399062338187,0.48928282828282843,1.6971970544145951,0.5139292929292931,1.5518753131286518,0.5262525252525254,1.431185159352875,0.5385757575757577,1.332510253158226,0.5508989898989901,1.2537027649155552,0.5508989898989899,1.1947327272076027,0.5508989898989901,1.1051269780085227,0.5508989898989901,1.046817379702303,0.5535027536451771,1.019407545137623
62,0.42180808080808097,2.106343137249555,0.47190909090909106,1.880116815960548,0.49695959595959616,1.6974909649329948,0.5220101010101013,1.5522057864404253,0.5345353535353538,1.4316623289430916,0.5470606060606062,1.3331123088621404,0.5595858585858589,1.2543521345163682,0.5595858585858586,1.1953124797263595,0.5595858585858589,1.1056097411283128,0.5595858585858589,1.0472394361836843,0.5624579817276989,1.0196092218545314
63,0.42827272727272747,2.1066429659920423,0.47918181818181826,1.8804287721392823,0.5046363636363638,1.6978253908603678,0.5300909090909093,1.5525727594119798,0.542818181818182,1.4321808827921152,0.5555454545454547,1.3337577677319932,0.5682727272727275,1.2550423428338366,0.5682727272727274,1.1959249494709463,0.5682727272727275,1.106115283944319,0.5682727272727275,1.047682111144413,0.5714132098102208,1.0198198472903786
64,0.43473737373737387,2.106967220937739,0.4864545454545456,1.8807757747700218,0.5123131313131315,1.698200332196714,0.5381717171717174,1.5529762320433151,0.5511010101010103,1.432740820899946,0.5640303030303032,1.3344466297677846,0.5769595959595962,1.2557733898679606,0.576959595959596,1.196570136441364,0.5769595959595962,1.1066436064565406,0.5769595959595962,1.0481454045844893,0.5803684378927426,1.0200394214451645
65,0.4412020202020204,2.107315902086645,0.4937272727272728,1.8811578238527664,0.5199898989898991,1.698615788942034,0.5462525252525255,1.5534162043344317,0.5593838383838386,1.4333421432665836,0.5725151515151518,1.335178894969515,0.585646464646465,1.2565452756187399,0.5856464646464646,1.1972480406376118,0.585646464646465,1.1071947086649783,0.585646464646465,1.048629316503913,0.5893236659752644,1.020267944318889
66,0.4476666666666669,2.1076890094387615,0.5010000000000001,1.881574919387516,0.5276666666666668,1.6990717610963268,0.5543333333333336,1.5538926762853293,0.5676666666666669,1.4339848498920285,0.5810000000000002,1.3359545633371837,0.5943333333333336,1.2573580000861744,0.5943333333333334,1.19795866205969,0.5943333333333336,1.1077685905696317,0.5943333333333336,1.049133846902684,0.5982788940577863,1.020505415911552
67,0.4541313131313133,2.108086542994088,0.5082727272727274,1.882027061374271,0.5353434343434346,1.6995682486595933,0.5624141414141417,1.5544056478960082,0.5759494949494952,1.4346689407762805,0.5894848484848487,1.336773634870791,0.6030202020202023,1.2582115632702644,0.6030202020202021,1.198702000707599,0.6030202020202023,1.108365252170501,0.6030202020202023,1.049658995780803,0.6072341221403081,1.020751836223154
68,0.4605959595959598,2.108508502752624,0.5155454545454546,1.8825142498130307,0.5430202020202022,1.7001052516318331,0.5704949494949497,1.554955119166468,0.5842323232323234,1.4353944159193395,0.5979696969696972,1.337636109570337,0.611707070707071,1.25910596517101,0.6117070707070708,1.199478056581338,0.611707070707071,1.108984693467586,0.611707070707071,1.050204763138269,0.6161893502228301,1.0210072052536945
69,0.4670606060606062,2.10895488871437,0.522818181818182,1.8830364847037957,0.5506969696969699,1.7006827700130465,0.5785757575757579,1.5555410900967088,0.5925151515151518,1.4361612753212056,0.6064545454545457,1.338541987435822,0.6203939393939397,1.2600412057884107,0.6203939393939394,1.200286829680908,0.6203939393939397,1.1096269144608868,0.6203939393939397,1.0507711489750826,0.6251445783053519,1.021271523003174
70,0.4735252525252527,2.109425700879326,0.5300909090909093,1.883593766046566,0.5583737373737375,1.701300803803233,0.5866565656565659,1.5561635606867306,0.60079797979798,1.436969518981879,0.6149393939393941,1.3394912684672453,0.6290808080808084,1.261017285122467,0.6290808080808081,1.201128320006308,0.6290808080808084,1.1102919151504036,0.6290808080808084,1.0513581532912437,0.6340998063878738,1.0215447894715917
71,0.4799898989898992,2.1099209392474916,0.5373636363636365,1.8841860938413413,0.5660505050505052,1.7019593530023929,0.594737373737374,1.5568225309365336,0.6090808080808083,1.4378191469013593,0.6234242424242427,1.3404839526646073,0.6377676767676771,1.2620342031731786,0.6377676767676769,1.2020025275575386,0.6377676767676771,1.110979695536136,0.6377676767676771,1.0519657760867525,0.6430550344703956,1.0218270046589484
72,0.4864545454545456,2.1104406038188674,0.5446363636363638,1.8848134680881217,0.573727272727273,1.702658417610526,0.602818181818182,1.5575180008461176,0.6173636363636366,1.4387101590796467,0.6319090909090911,1.341520040027908,0.6464545454545457,1.2630919599405457,0.6464545454545455,1.2029094523345996,0.6464545454545457,1.1116902556180843,0.6464545454545457,1.0525940173616086,0.6520102625529175,1.0221181685652436
73,0.4929191919191921,2.1109846945934527,0.551909090909091,1.8854758887869072,0.5814040404040406,1.7033979976276326,0.6108989898989902,1.5582499704154826,0.6256464646464649,1.4396425555167411,0.6403939393939396,1.3425995305571474,0.6551414141414145,1.2641905554245683,0.6551414141414141,1.203849094337491,0.6551414141414145,1.1124235953962485,0.6551414141414145,1.0532428771158122,0.6609654906354393,1.0224182811904776
74,0.4993838383838386,2.1115532115712483,0.5591818181818183,1.8861733559376976,0.5890808080808083,1.7041780930537125,0.6189797979797983,1.5590184396446287,0.6339292929292931,1.440616336212643,0.648878787878788,1.3437224242523254,0.6638282828282831,1.2653299896252461,0.6638282828282829,1.204821453566213,0.6638282828282831,1.1131797148706284,0.6638282828282831,1.0539123553493632,0.6699207187179612,1.0227273425346504
75,0.505848484848485,2.1121461547522533,0.5664545454545457,1.8869058695404934,0.5967575757575759,1.704998703888766,0.6270606060606063,1.559823408533556,0.6422121212121215,1.4416315011673515,0.6573636363636366,1.344888721113442,0.6725151515151518,1.2665102625425793,0.6725151515151516,1.2058265300207653,0.6725151515151518,1.113958614041224,0.6725151515151518,1.0546024520622617,0.678875946800483,1.0230453525977616
76,0.5123131313131315,2.1127635241364686,0.5737272727272729,1.8876734295952944,0.6044343434343437,1.7058598301327925,0.6351414141414145,1.5606648770822642,0.6504949494949498,1.4426880503808674,0.665848484848485,1.3460984211404974,0.6812020202020205,1.267731374176568,0.6812020202020203,1.206864323701148,0.6812020202020205,1.1147602929080356,0.6812020202020205,1.0553131672545077,0.6878311748830048,1.0233723113798117
77,0.518777777777778,2.113405319723894,0.5810000000000002,1.8884760361021002,0.6121111111111114,1.7067614717857926,0.6432222222222225,1.5615428452907536,0.658777777777778,1.4437859838531903,0.6743333333333336,1.3473515243334913,0.6898888888888892,1.268993324527212,0.6898888888888889,1.2079348346073613,0.6898888888888892,1.1155847514710628,0.6898888888888892,1.0560445009261012,0.6967864029655267,1.0237082188808004
78,0.5252424242424245,2.1140715415145284,0.5882727272727274,1.8893136890609115,0.619787878787879,1.707703628847766,0.6513030303030306,1.562457313159024,0.6670606060606064,1.4449253015843202,0.682818181818182,1.3486480306924238,0.6985757575757578,1.2702961135945114,0.6985757575757576,1.209038062739405,0.6985757575757578,1.116431989730306,0.6985757575757578,1.0567964530770424,0.7057416310480485,1.024053075100728
79,0.5317070707070709,2.1147621895083732,0.5955454545454547,1.8901863884717276,0.6274646464646467,1.7086863013187128,0.6593838383838386,1.5634082806870755,0.6753434343434346,1.4461060035742574,0.6913030303030305,1.3499879402172952,0.7072626262626266,1.2716397413784664,0.7072626262626264,1.2101740080972792,0.7072626262626266,1.117302007685765,0.7072626262626266,1.0575690237073307,0.7146968591305705,1.024406880039594
80,0.5381717171717174,2.115477263705428,0.602818181818182,1.891094134334549,0.6351414141414143,1.7097094891986329,0.6674646464646468,1.564395747874908,0.6836262626262629,1.4473280898230017,0.699787878787879,1.351371252908105,0.7159494949494952,1.2730242078790766,0.715949494949495,1.2113426706809838,0.7159494949494952,1.1181948053374398,0.7159494949494952,1.0583622128169667,0.7236520872130923,1.0247696336973988
81,0.5446363636363639,2.1162167641056926,0.6100909090909092,1.8920369266493755,0.6428181818181821,1.7107731924875262,0.6755454545454549,1.5654197147225215,0.6919090909090911,1.4485915603305528,0.7082727272727275,1.3527979687648535,0.724636363636364,1.2744495130963422,0.7246363636363636,1.2125440504905187,0.724636363636364,1.1191103826853304,0.724636363636364,1.0591760204059502,0.7326073152956142,1.0251413360741424
82,0.5511010101010103,2.116980690709167,0.6173636363636366,1.893014765416207,0.6504949494949497,1.7118774111853932,0.6836262626262629,1.5664801812299163,0.7001919191919195,1.4498964150969114,0.716757575757576,1.3542680877875406,0.7333232323232327,1.2759156570302634,0.7333232323232324,1.2137781475258842,0.7333232323232327,1.1200487397294367,0.7333232323232327,1.0600104464742812,0.741562543378136,1.0255219871698245
83,0.5575656565656568,2.1177690435158514,0.6246363636363638,1.8940276506350437,0.6581717171717174,1.7130221452922334,0.691707070707071,1.5675771473970919,0.7084747474747477,1.4512426541220766,0.7252424242424245,1.3557816099761666,0.7420101010101013,1.27742263968084,0.7420101010101011,1.21504496178708,0.7420101010101013,1.121009876469759,0.7420101010101013,1.0608654910219597,0.7505177714606579,1.0259115869844453
84,0.5640303030303032,2.1185818225257456,0.6319090909090911,1.8950755823058856,0.6658484848484851,1.714207394808047,0.6997878787878791,1.5687106132240487,0.716757575757576,1.4526302774060493,0.733727272727273,1.357338535330731,0.7506969696969701,1.2789704610480719,0.7506969696969698,1.2163444932741063,0.7506969696969701,1.1219937929062969,0.7506969696969701,1.0617411540489856,0.7594729995431797,1.0263101355180049
85,0.5704949494949497,2.1194190277388496,0.6391818181818183,1.8961585604287325,0.6735252525252527,1.7154331597328338,0.7078686868686872,1.5698805787107866,0.7250404040404043,1.454059284948829,0.7422121212121214,1.358938863851234,0.7593838383838387,1.2805591211319591,0.7593838383838384,1.2176767419869632,0.7593838383838387,1.1230004890390506,0.7593838383838387,1.062637435555359,0.7684282276257016,1.026717632770503
86,0.5769595959595962,2.1202806591551635,0.6464545454545456,1.8972765850035846,0.6812020202020205,1.716699440066594,0.7159494949494952,1.5710870438573055,0.7333232323232326,1.4555296767504158,0.75069696969697,1.360582595537676,0.7680707070707075,1.2821886199325019,0.7680707070707071,1.2190417079256504,0.7680707070707075,1.1240299648680203,0.7680707070707075,1.06355433554108,0.7773834557082234,1.0271340787419398
87,0.5834242424242426,2.1211667167746873,0.6537272727272729,1.898429656030442,0.6888787878787881,1.7180062358093278,0.7240303030303034,1.5723300086636054,0.7416060606060609,1.4570414528108095,0.7591818181818184,1.3622697303900564,0.7767575757575761,1.2838589574497,0.7767575757575759,1.220439391090168,0.7767575757575761,1.1250822203932058,0.7767575757575761,1.064491854006148,0.7863386837907452,1.0275594734323155
88,0.5898888888888891,2.122077200597421,0.6610000000000001,1.899617773509304,0.6965555555555558,1.7193535469610346,0.7321111111111115,1.5736094731296864,0.7498888888888892,1.4585946131300105,0.7676666666666669,1.3640002684083754,0.7854444444444448,1.2855701336835534,0.7854444444444445,1.221869791480516,0.7854444444444448,1.126157255614607,0.7854444444444448,1.0654499909505641,0.7952939118732671,1.0279938168416298
89,0.5963535353535356,2.1230121106233644,0.6682727272727275,1.9008409374401716,0.7042323232323234,1.720741373521715,0.7401919191919195,1.5749254372555483,0.7581717171717175,1.4601891577080186,0.7761515151515154,1.365774209592633,0.7941313131313135,1.2873221486340622,0.7941313131313131,1.2233329090966947,0.7941313131313135,1.127255070532224,0.7941313131313135,1.0664287463743274,0.804249139955789,1.0284371089698827
90,0.602818181818182,2.1239714468525177,0.6755454545454547,1.902099147823044,0.7119090909090912,1.7221697154913687,0.7482727272727276,1.5762779010411916,0.7664545454545457,1.4618250865448337,0.7846363636363639,1.3675915539428296,0.8028181818181822,1.2891150023012268,0.8028181818181819,1.2248287439387036,0.8028181818181822,1.1283756651460568,0.8028181818181822,1.0674281202774383,0.8132043680383109,1.0288893498170744
91,0.6092828282828285,2.1249552092848814,0.682818181818182,1.9033924046579218,0.7195858585858589,1.7236385728699957,0.7563535353535357,1.5776668644866159,0.7747373737373741,1.463502399640456,0.7931212121212123,1.3694523014589646,0.8115050505050508,1.2909486946850464,0.8115050505050506,1.2263572960065432,0.8115050505050508,1.1295190394561054,0.8115050505050508,1.0684481126598966,0.8221595961208327,1.0293505393832048
92,0.615747474747475,2.1259633979204544,0.6900909090909093,1.9047207079448045,0.7272626262626265,1.7251479456575962,0.7644343434343438,1.5790923275918212,0.7830202020202023,1.4652210969948853,0.8016060606060609,1.3713564521410382,0.8201919191919196,1.2928232257855214,0.8201919191919192,1.227918565300213,0.8201919191919196,1.13068519346237,0.8201919191919196,1.0694887235217023,0.8311148242033546,1.0298206776682737
93,0.6222121212121214,2.1269960127592373,0.6973636363636365,1.9060840576836924,0.7349393939393942,1.7266978338541699,0.7725151515151518,1.5805542903568073,0.7913030303030306,1.4669811786081217,0.8100909090909093,1.3733040059890507,0.8288787878787882,1.294738595602652,0.8288787878787879,1.2295125518197132,0.8288787878787882,1.1318741271648503,0.8288787878787882,1.0705499528628555,0.8400700522858764,1.0302997646722813
94,0.628676767676768,2.1280530538012306,0.7046363636363638,1.9074824538745854,0.7426161616161618,1.728288237459717,0.78059595959596,1.5820527527815749,0.7995858585858588,1.4687826444801653,0.8185757575757578,1.3752949630030016,0.837565656565657,1.296694804136438,0.8375656565656566,1.231139255565044,0.837565656565657,1.1330858405635464,0.837565656565657,1.0716318006833563,0.8490252803683983,1.0307878003952278
95,0.6351414141414145,2.129134521046433,0.711909090909091,1.9089158965174835,0.7502929292929296,1.7299191564742376,0.788676767676768,1.5835877148661233,0.8078686868686872,1.4706254946110158,0.8270606060606063,1.3773293231828911,0.8462525252525256,1.2986918513868793,0.8462525252525254,1.2327986765362053,0.8462525252525256,1.1343203336584582,0.8462525252525256,1.0727342669832045,0.8579805084509201,1.031284784837113
96,0.6416060606060608,2.1302404144948457,0.7191818181818184,1.9103843856123868,0.7579696969696973,1.7315905908977314,0.7967575757575761,1.5851591766104527,0.8161515151515154,1.4725097290006735,0.8355454545454548,1.3794070865287196,0.8549393939393943,1.3007297373539761,0.854939393939394,1.2344908147331968,0.8549393939393943,1.135577606449586,0.8549393939393943,1.0738573517624004,0.866935736533442,1.0317907179979366
97,0.6480707070707074,2.1313707341464685,0.7264545454545457,1.9118879211592952,0.7656464646464649,1.7333025407301985,0.8048383838383842,1.5867671380145634,0.8244343434343437,1.4744353476491383,0.8440303030303034,1.3815282530404864,0.8636262626262631,1.3028084620377283,0.8636262626262626,1.236215670156019,0.8636262626262631,1.1368576589369295,0.8636262626262631,1.0750010550209435,0.8758909646159638,1.032305599877699
98,0.6545353535353539,2.1325254800013007,0.7337272727272729,1.9134265031582087,0.7733232323232326,1.7350550059716392,0.8129191919191923,1.588411599078455,0.8327171717171721,1.4764023505564103,0.8525151515151518,1.383692822718192,0.8723131313131317,1.3049280254381357,0.8723131313131314,1.2379732428046715,0.8723131313131317,1.1381604911204888,0.8723131313131317,1.0761653767588342,0.8848461926984856,1.0328294304764003
99,0.6610000000000003,2.1337046520593432,0.7410000000000002,1.9150001316091274,0.7810000000000002,1.736847986622053,0.8210000000000003,1.5900925598021276,0.8410000000000003,1.4784107377224893,0.8610000000000003,1.3859007955618363,0.8810000000000003,1.3070884275551986,0.8810000000000001,1.2397635326791545,0.8810000000000003,1.1394861030002639,0.8810000000000003,1.0773503169760723,0.8938014207810075,1.03336220979404
