name,R/c = 80,R/c = 80,R/c = 75,R/c = 75,R/c = 70,R/c = 70,R/c = 65,R/c = 65,R/c = 60,R/c = 60,R/c = 55,R/c = 55,R/c = 50,R/c = 50,R/c = 40,R/c = 40,R/c = 30,R/c = 30,R/c = 20,R/c = 20,R/c = 10,R/c = 10
axis,a/b,beta,a/b,beta,a/b,beta,a/b,beta,a/b,beta,a/b,beta,a/b,beta,a/b,beta,a/b,beta,a/b,beta,a/b,beta
0,0.030000000000000027,1.94876806825243,0.02999999999999997,1.7638346160524343,0.030000000000000027,1.6103503786935371,0.030000000000000027,1.4882563785840872,0.030000000000000027,1.3850390993976185,0.030000000000000027,1.2899564303702218,0.02999999999999997,1.2219826754363228,0.030000000000000027,1.1268347584434406,0.02999999999999997,1.0715959182369859,0.030000000000000027,1.0292683774736062,0.10999999999999993,1.004878805945784
1,0.03343434343434346,1.9499199107035445,0.03565656565656563,1.7658773149724345,0.03646464646464649,1.6135536915971922,0.037676767676767704,1.4899058693265643,0.03787878787878791,1.3861513321945953,0.03808080808080811,1.2919474530529382,0.03868686868686866,1.2229136893335657,0.038686868686868714,1.1258560094541772,0.03868686868686866,1.0692818049000146,0.038686868686868714,1.0282442291282443,0.11787878787878782,1.0045985894181733
2,0.0368686868686869,1.9511065155118954,0.04131313131313129,1.7679384653694976,0.04292929292929296,1.616657555161631,0.04535353535353538,1.491682438214935,0.04575757575757579,1.3873960641951588,0.046161616161616195,1.293979397245859,0.04737373737373735,1.2239879517694985,0.04737373737373741,1.1251349856623754,0.047373737373737346,1.0673068319836527,0.04737373737373741,1.0273764224735469,0.1257575757575757,1.0043683460169217
3,0.040303030303030334,1.9523268507391374,0.04696969696969694,1.7700185817513803,0.04939393939393943,1.6196687840983144,0.053030303030303066,1.493581263179653,0.05363636363636367,1.3887686467928475,0.05424242424242428,1.2960503919083741,0.05606060606060605,1.2251978124779785,0.0560606060606061,1.1246568546152884,0.05606060606060603,1.065651152924505,0.0560606060606061,1.0266551747572095,0.13363636363636358,1.0041844789966352
4,0.04373737373737377,1.9535799016318964,0.052626262626262604,1.7721181872328466,0.0558585858585859,1.6225940844738993,0.060707070707070744,1.4955977014420339,0.06151515151515155,1.390264614749418,0.062323232323232364,1.2981587378659238,0.06474747474747473,1.226535959394897,0.06474747474747479,1.1244072834100138,0.06474747474747472,1.064295504838113,0.06474747474747479,1.026071012363092,0.14151515151515145,1.004043515174982
5,0.0471717171717172,1.95486467062177,0.058282828282828256,1.77423781353567,0.062323232323232364,1.625440053710237,0.06838383838383842,1.497727289514254,0.06939393939393942,1.3918796861948433,0.07040404040404044,1.3003029078100004,0.07343434343434342,1.227995418658179,0.07343434343434348,1.124372438693493,0.07343434343434341,1.063221208518956,0.07343434343434348,1.0256147708112173,0.14939393939393936,1.0039421049326938
6,0.05060606060606064,1.9561801773253262,0.06393939393939391,1.776378000988631,0.06878787878787883,1.6282131805843738,0.0760606060606061,1.4999657431993512,0.07727272727272731,1.3936097626273152,0.07848484848484853,1.302481546298146,0.08212121212121212,1.229569554607783,0.08212121212121218,1.1245389866625124,0.0821212121212121,1.0624101684404494,0.08212121212121218,1.0252775947577721,0.15727272727272723,1.0038770222135656
7,0.05404040404040407,1.9575254585441049,0.06959595959595957,1.7785392985275186,0.07525252525252529,1.6309198452285516,0.08373737373737378,1.5023089575912247,0.0851515151515152,1.3954509289132417,0.08656565656565662,1.3046934697539547,0.09080808080808081,1.2312520697857012,0.09080808080808087,1.1248940930637021,0.09080808080808078,1.0618448727549463,0.09080808080808087,1.0250509379951065,0.1651515151515151,1.0038451645244553
8,0.05747474747474751,1.9588995682646164,0.07525252525252524,1.7807222636951303,0.08171717171717177,1.633566319130207,0.09141414141414146,1.5047530070746349,0.09303030303030307,1.3973994532872493,0.0946464646464647,1.3069376664670709,0.0994949494949495,1.2330370049359598,0.09949494949494955,1.125425423193537,0.09949494949494947,1.0615083932937364,0.09949494949494955,1.0249265634517335,0.17303030303030298,1.0038435529352845
9,0.06090909090909094,1.9603015776583428,0.08090909090909089,1.7829274626412712,0.08818181818181822,1.6361587651319722,0.09909090909090915,1.507294145325204,0.10090909090909095,1.3994517873521815,0.10272727272727278,1.3092132965931906,0.10818181818181818,1.2349187390046183,0.10818181818181824,1.1261211418983357,0.10818181818181816,1.0613843855670468,0.10818181818181824,1.0248965431923305,0.18090909090909088,1.0038693320790373
10,0.06434343434343437,1.9617305750817366,0.08656565656565654,1.7851554701227552,0.0946464646464647,1.6387032374316737,0.10676767676767682,1.5099288053094149,0.10878787878787884,1.4016045660790992,0.11080808080808087,1.31151969215406,0.11686868686868687,1.2368919891397705,0.11686868686868693,1.1269699135742612,0.11686868686868684,1.0614570887640415,0.11686868686868693,1.0249532584177377,0.18878787878787875,1.0039197701517615
11,0.06777777777777781,1.9631856660762228,0.0922222222222222,1.787406869503404,0.10111111111111117,1.641205681582334,0.1144444444444445,1.512653599284612,0.11666666666666672,1.4038546078072809,0.11888888888888896,1.313856357037477,0.1255555555555556,1.2389518106915434,0.12555555555555564,1.1279609021673218,0.12555555555555553,1.0617113257528212,0.12555555555555564,1.0250893994649592,0.19666666666666666,1.0039922589125678
12,0.07121212121212125,1.964665973368196,0.09787878787878786,1.7896822527540475,0.10757575757575763,1.64367193449217,0.12212121212121219,1.5154653187990015,0.1245454545454546,1.4061989142442226,0.12696969696969704,1.31622296699729,0.13424242424242427,1.2410935972120978,0.13424242424242433,1.1290837711733686,0.13424242424242422,1.0621325030804243,0.13424242424242433,1.0252979658071621,0.20454545454545453,1.0040843136836306
13,0.07464646464646468,1.966170636869023,0.10353535353535352,1.7919822204525235,0.1140404040404041,1.6461077244245939,0.12979797979797986,1.5183609346916502,0.13242424242424247,1.4086346704656376,0.13505050505050512,1.3186193696533985,0.14292929292929296,1.2433130804556283,0.14292929292929302,1.1303286836380981,0.1429292929292929,1.0627066109728256,0.14292929292929302,1.0255722660536777,0.2124242424242424,1.0041935733501868
14,0.07808080808080811,1.9676988136750413,0.10919191919191917,1.7943073817836785,0.12050505050505057,1.6485186709982134,0.13747474747474753,1.521337597092487,0.14030303030303037,1.411159244915457,0.14313131313131322,1.3210455844917535,0.15161616161616165,1.2456063303783635,0.1516161616161617,1.1316863021570507,0.1516161616161616,1.0634202233349372,0.1516161616161617,1.0259059179499999,0.22030303030303028,1.0043178003605369
15,0.08151515151515155,1.9692496780675597,0.11484848484848484,1.796658354539367,0.12696969696969704,1.6509102851868307,0.1451515151515152,1.5243926354223016,0.14818181818181825,1.4137701894058294,0.1512121212121213,1.3235018028643557,0.16030303030303034,1.2479697551385651,0.1603030303030304,1.133147788875611,0.16030303030303028,1.0642604977506083,0.1603030303030304,1.0262928483777867,0.22818181818181815,1.0044548807260443
16,0.084949494949495,1.9708224215128582,0.12050505050505049,1.7990357651184514,0.13343434343434352,1.6532879693194433,0.1528282828282829,1.5275235583927453,0.15606060606060612,1.4164652391171202,0.15929292929292937,1.3259883879892582,0.16898989898989902,1.2504001010965289,0.16898989898989908,1.1347048054890079,0.16898989898989897,1.065215175482625,0.16898989898989908,1.0267272933548595,0.23606060606060605,1.004602824021136
17,0.08838383838383843,1.9724162526621878,0.12616161616161614,1.8014402485268026,0.13989898989898997,1.6556570170802443,0.16050505050505057,1.5307280540063304,0.163939393939394,1.4192423125979128,0.16737373737373745,1.3285058749505645,0.1776767676767677,1.2528944528145844,0.17767676767676777,1.136349513242315,0.17767676767676766,1.06627258147271,0.17767676767676777,1.0272037980352027,0.24393939393939393,1.0047597633833019
18,0.09181818181818185,1.974030397351771,0.1318181818181818,1.8038724483772994,0.14636363636363642,1.658022613508621,0.16818181818181827,1.534003989556431,0.17181818181818187,1.4220995117650082,0.17545454545454553,1.3310549706984285,0.1863636363636364,1.255450233057095,0.18636363636363645,1.1380745729304498,0.18636363636363634,1.0674216243415244,0.18636363636363645,1.027717216708965,0.25181818181818183,1.0049239555130953
19,0.0952525252525253,1.975664098602801,0.13747474747474747,1.806333016889829,0.15282828282828292,1.6603898349991566,0.17585858585858594,1.5373494116272823,0.17969696969696977,1.4250351219034243,0.18353535353535363,1.3336365540490562,0.19505050505050509,1.2580652027904573,0.19505050505050514,1.139873144898174,0.19505050505050503,1.068651796388665,0.19505050505050514,1.028262712802458,0.2596969696969697,1.0050937806741322
20,0.09868686868686873,1.9773166166214422,0.1431313131313131,1.8088226148912865,0.15929292929292937,1.662763649301629,0.1835353535353536,1.5407625460939807,0.18757575757575765,1.4280476116663974,0.1916161616161617,1.3362516756847036,0.20373737373737377,1.260737461183102,0.20373737373737383,1.1417388890400944,0.20373737373737372,1.069953173592666,0.20373737373737383,1.0288357588781567,0.2675757575757576,1.0052677426930925
21,0.10212121212121217,1.9789872287988306,0.14878787878787877,1.8113419118155754,0.16575757575757583,1.6651489155210109,0.1912121212121213,1.544241798122484,0.19545454545454552,1.4311356330753802,0.1996969696969698,1.3389015581536785,0.2124242424242425,1.263465445605493,0.21242424242424254,1.143665964800661,0.2124242424242424,1.0713164156109987,0.21242424242424254,1.0294321366347,0.2754545454545455,1.0054444689597188
22,0.1055555555555556,1.9806752297110732,0.15444444444444444,1.8138915857036073,0.1722222222222223,1.667550384117471,0.19888888888888898,1.5477857521696117,0.20333333333333342,1.4342980215200436,0.2077777777777779,1.3415875958703387,0.22111111111111117,1.266247931630129,0.22111111111111123,1.1456490311741687,0.2211111111111111,1.0727327657800714,0.22111111111111123,1.0300479369068898,0.2833333333333333,1.005622710426817
23,0.10898989898989904,1.9823799311192478,0.1601010101010101,1.8164723232033022,0.17868686868686878,1.6699726969063726,0.20656565656565665,1.551393171983044,0.2112121212121213,1.437533795758276,0.21585858585858597,1.344311355115094,0.22979797979797986,1.2690840330315414,0.22979797979797992,1.1476832467047569,0.22979797979797978,1.0741940511152295,0.22979797979797992,1.030679559665692,0.29121212121212126,1.005801341610256
24,0.11242424242424247,1.9841006619694037,0.16575757575757574,1.8190848195695875,0.18515151515151523,1.672420387058274,0.21424242424242435,1.5550630006013229,0.21909090909090917,1.4408421579161825,0.22393939393939405,1.3470745740344046,0.23848484848484855,1.2719732017862957,0.2384848484848486,1.1497642694864085,0.23848484848484847,1.0756926823107553,0.2384848484848486,1.0313237140182356,0.29909090909090913,1.0059793605889684
25,0.11585858585858591,1.9858367683925613,0.1714141414141414,1.8217297786643996,0.1916161616161617,1.6748978790989282,0.22191919191919202,1.5587943603538517,0.22696969696969704,1.4442224934880867,0.23202020202020213,1.3498791626407816,0.24717171717171724,1.2749152280729912,0.2471717171717173,1.1518882571629516,0.24717171717171715,1.0772216537398684,0.2471717171717173,1.0319774182078132,0.306969696969697,1.0061558890049496
26,0.11929292929292934,1.9875876137047122,0.17707070707070707,1.8244079129566828,0.19808080808080816,1.6774094889092843,0.2295959595959597,1.5625865528608949,0.23484848484848492,1.4476743713365288,0.2401010101010102,1.3527272028127875,0.2558585858585859,1.2779102402722604,0.255858585858586,1.1540518669280582,0.25585858585858584,1.0787745434547253,0.255858585858586,1.0326379996138808,0.3148484848484849,1.0063301720632583
27,0.12272727272727278,1.989352578406819,0.1827272727272727,1.8271199435223893,0.20454545454545464,1.679959423725486,0.23727272727272736,1.5664390590335784,0.24272727272727282,1.451197543692267,0.2481818181818183,1.3556209482950354,0.26454545454545464,1.2809587049667703,0.26454545454545464,1.1562522555252446,0.26454545454545453,1.0803455131864192,0.26454545454545464,1.033303094752058,0.32272727272727275,1.0065015785320164
28,0.1261616161616162,1.9911310601848151,0.18838383838383838,1.8298666000444799,0.21101010101010112,1.6825517821388718,0.24494949494949506,1.5703515390738891,0.2506060606060607,1.4547919461542769,0.2562626262626264,1.3585628246981898,0.2732323232323233,1.284061426941221,0.2732323232323234,1.1584870792478712,0.2732323232323232,1.0819293083449808,0.2732323232323234,1.0339706492741279,0.3306060606060607,1.0066696007424087
29,0.12959595959595965,1.9929224739096063,0.19404040404040404,1.8326486208129233,0.21747474747474757,1.685190554095976,0.25262626262626275,1.574323832474676,0.25848484848484854,1.4584576976897514,0.26434343434343444,1.3615554294989656,0.281919191919192,1.2872195491823464,0.28191919191919207,1.1607544939391432,0.2819191919191919,1.0835212580193776,0.28191919191919207,1.0346389179680369,0.3384848484848485,1.0068338545886837
30,0.13303030303030308,1.994726251637068,0.1996969696969697,1.8354667527246964,0.22393939393939405,1.6878796208985272,0.26030303030303037,1.578355958019649,0.26636363636363647,1.462195100634101,0.27242424242424257,1.364601532040129,0.2906060606060607,1.2904345528789147,0.29060606060606076,1.1630531549921095,0.2906060606060606,1.085117274977514,0.29060606060606076,1.035306464757895,0.34636363636363643,1.0069940795281527
31,0.1364646464646465,1.9965418426080483,0.20535353535353534,1.8383217512837844,0.2304040404040405,1.6906227552034496,0.2679797979797981,1.5824481137833788,0.27424242424242434,1.4660046406909535,0.28050505050505065,1.3677040735304973,0.2992929292929294,1.293708257421727,0.29929292929292944,1.165382217349664,0.2992929292929293,1.086713855666232,0.29929292929292944,1.0359721627039753,0.3542424242424243,1.0071501385811903
32,0.13989898989898997,1.998368713248365,0.211010101010101,1.8412143806011803,0.23686868686868698,1.6934236210228626,0.27565656565656577,1.5866006771312982,0.2821212121212122,1.4698869869321545,0.2885858585858587,1.3708661670449387,0.3079797979797981,1.2970428204036184,0.30797979797979813,1.167741335504544,0.30797979797979796,1.0883080802113096,0.30797979797979813,1.0366351940027152,0.3621212121212122,1.0073020183312344
33,0.14333333333333337,2.000206347168808,0.21666666666666667,1.8441454133948856,0.24333333333333346,1.6962857737240802,0.28333333333333344,1.5908142047197011,0.2900000000000001,1.473842991797767,0.2966666666666668,1.374091097524372,0.31666666666666676,1.3004407376194578,0.3166666666666668,1.170130663499332,0.31666666666666665,1.089897612417463,0.3166666666666668,1.037295049986715,0.37000000000000005,1.007449828924786
34,0.14676767676767682,2.002054245165138,0.2223232323232323,1.8471156309899102,0.2497979797979799,1.699212660029612,0.2910101010101011,1.595089432495743,0.29787878787878797,1.4778736910960708,0.3047474747474749,1.3773823217757677,0.32535353535353545,1.3039048430661482,0.3253535353535355,1.1725508549264545,0.32535353535353534,1.0914806997683448,0.3253535353535355,1.0379515311247385,0.3778787878787879,1.0075938040714092
35,0.15020202020202025,2.003911925218087,0.22797979797979798,1.8501258233182714,0.2562626262626264,1.7022076180171628,0.2986868686868688,1.59942727569744,0.30575757575757584,1.4819803040035642,0.31282828282828296,1.3807434684721467,0.33404040404040414,1.3074383089426254,0.3340404040404042,1.1750030629281818,0.334040404040404,1.0930561734265445,0.3340404040404042,1.038604747021713,0.3857575757575758,1.0077343010437314
36,0.15363636363636368,2.0057789224933584,0.23363636363636364,1.8531767889189954,0.2627272727272728,1.7052738771196314,0.3063636363636365,1.6038288288536702,0.3136363636363637,1.4861642330649623,0.32090909090909103,1.384178338152581,0.3427272727272728,1.3110446456498597,0.3427272727272729,1.1774889401966293,0.3427272727272727,1.094623448233589,0.3427272727272729,1.0392551164187294,0.39363636363636373,1.0078718006774434
37,0.15707070707070714,2.007654789341626,0.2392929292929293,1.8562693349381163,0.2691919191919193,1.7084145581251133,0.3140404040404042,1.6082953657841728,0.32151515151515164,1.490427064193198,0.32898989898989917,1.3876909032221936,0.3514141414141415,1.314727701790855,0.35141414141414157,1.180010638973756,0.3514141414141414,1.0961825227099422,0.35141414141414157,1.039903367193042,0.4015151515151516,1.0080069073712987
38,0.16050505050505057,2.0095390952985355,0.24494949494949494,1.8594042771286763,0.2756565656565658,1.711632673176898,0.32171717171717185,1.6128283395995482,0.3293939393939395,1.4947705666694213,0.33707070707070724,1.3912853079521588,0.3601010101010102,1.3184916641706481,0.36010101010101025,1.1825708110513657,0.3601010101010101,1.0977339790550047,0.36010101010101025,1.0405505363580685,0.4093939393939395,1.0081403490871141
39,0.163939393939394,2.011431427084703,0.2506060606060606,1.8625824398507258,0.2821212121212123,1.7149311257734703,0.3293939393939395,1.6174293827012585,0.3372727272727274,1.4991966931430003,0.3451515151515153,1.394965868479701,0.3687878787878789,1.322341057796311,0.36878787878787894,1.1851726077711062,0.3687878787878788,1.0992789831471144,0.36878787878787894,1.0411979700633904,0.41727272727272735,1.00827297734977
40,0.16737373737373742,2.013331388605717,0.2562626262626263,1.8658046560713235,0.2885858585858587,1.7183127107685103,0.3370707070707072,1.6221003067816269,0.34515151515151526,1.50370757963152,0.3532323232323234,1.398737072808097,0.3774747474747476,1.3262807458769479,0.37747474747474763,1.1878196800244698,0.37747474747474746,1.100819284543546,0.37747474747474763,1.0418473235947523,0.4251515151515152,1.0084057672472098
41,0.17080808080808088,2.0152386009521357,0.2619191919191919,1.869071767364536,0.2950505050505052,1.7217801143708933,0.34474747474747486,1.626843102823838,0.35303030303030314,1.5083055455207828,0.3613131313131315,1.4026035808066732,0.3861616161616163,1.3303159298236977,0.3861616161616164,1.1905161782527929,0.38616161616161615,1.1023572164805118,0.3861616161616164,1.042500561374062,0.4330303030303031,1.0085398174304396
42,0.1742424242424243,2.0171527023994895,0.2675757575757576,1.8723846239114383,0.3015151515151516,1.7253359141446891,0.3524242424242426,1.6316599411019375,0.360909090909091,1.5129930935648093,0.36939393939393955,1.4065702242108076,0.394848484848485,1.3344521492497328,0.39484848484848506,1.1932667524472562,0.39484848484848484,1.1038956958731605,0.39484848484848506,1.0431599569593921,0.44090909090909103,1.0086763501135296
43,0.17767676767676774,2.0190733484082797,0.27323232323232327,1.8757440845001137,0.30797979797979813,1.7289825790091635,0.36010101010101025,1.6365531711808325,0.3687878787878789,1.5177729098858368,0.37747474747474763,1.4106420066219292,0.4035353535353537,1.338695281970259,0.40353535353535375,1.1960765521488852,0.4035353535353535,1.1054382233155782,0.40353535353535375,1.043828093044977,0.4487878787878789,1.0088167110736124
44,0.18111111111111117,2.0210002116239787,0.2788888888888889,1.8791510165256529,0.3144444444444446,1.7327224692387766,0.3677777777777779,1.641525321916292,0.3766666666666668,1.5226478639743204,0.38555555555555576,1.4148241035075177,0.4122222222222224,1.3430515440025161,0.41222222222222243,1.198951226448549,0.4122222222222222,1.1069888830807877,0.41222222222222243,1.0445078614612155,0.4566666666666668,1.008962369650884
45,0.18454545454545462,2.0229329818770294,0.28454545454545455,1.882606295990156,0.32090909090909103,1.736557836463184,0.3754545454545456,1.6465791014549458,0.3845454545454547,1.5276210086889326,0.39363636363636384,1.4191218622011041,0.42090909090909107,1.3475274895657778,0.4209090909090911,1.2018969239869612,0.4209090909090909,1.108552343120749,0.4209090909090911,1.04520246317467,0.46454545454545465,1.009114918748604
46,0.18797979797979805,2.0248713661828472,0.29020202020202024,1.88611080750273,0.32737373737373754,1.7404908236672365,0.38313131313131327,1.6517173972342847,0.39242424242424256,1.5326955802565636,0.4017171717171719,1.4235408019022704,0.42959595959595975,1.352130011081351,0.4295959595959598,1.20492029295468,0.4295959595959596,1.1101338550663593,0.4295959595959598,1.0459154082880657,0.4724242424242425,1.0092760748330944
47,0.19141414141414148,2.0268150887418175,0.2958585858585859,1.8896654442794911,0.333838383838384,1.7445234651909796,0.39080808080808094,1.6569432759826617,0.40030303030303044,1.5378749982723208,0.40979797979798,1.4280866136766492,0.43828282828282844,1.3568663391725764,0.4382828282828285,1.2080284810921078,0.4382828282828283,1.1117392542274527,0.4382828282828285,1.0466505160402921,0.4803030303030304,1.0094476779337413
48,0.1948484848484849,2.0287638909392975,0.3015151515151515,1.893271108143563,0.34030303030303044,1.7486576867296542,0.39848484848484866,1.6622599837192906,0.4081818181818183,1.543162865699529,0.41787878787878807,1.4327651604559244,0.44696969696969713,1.3617440426648288,0.4469696969696972,1.211229135689491,0.44696969696969696,1.1133749595928002,0.4469696969696972,1.0474119148064014,0.48818181818181833,1.0096316916429933
49,0.19828282828282834,2.0307175313456156,0.3071717171717172,1.896928709525078,0.34676767676767695,1.7528953053336962,0.40616161616161633,1.6676709457542467,0.4160606060606062,1.5485629688697309,0.42595959595959615,1.4375824770378307,0.4556565656565658,1.3667710285855168,0.45565656565656587,1.2145304035869204,0.45565656565656565,1.11504797383011,0.45565656565656587,1.0482040420976098,0.4960606060606062,1.0098302031163624
50,0.2017171717171718,2.0326757857160707,0.31282828282828284,1.9006391674611762,0.3532323232323234,1.7572380294087366,0.413838383838384,1.6731797666884662,0.42393939393939406,1.5540792774826861,0.4340404040404042,1.4425447700861538,0.4643434343434345,1.371955542164082,0.46434343434343456,1.2179409311743317,0.46434343434343434,1.1167658832860274,0.46434343434343456,1.0490316445612968,0.5039393939393941,1.0100454230724238
51,0.20515151515151522,2.0346384469909333,0.3184848484848485,1.9044034095960058,0.35969696969696985,1.7616874587156017,0.4215151515151517,1.6787902304137474,0.43181818181818193,1.5597159446063724,0.4421212121212123,1.4476584181307306,0.4730303030303032,1.3773061668320004,0.47303030303030325,1.2214698643915036,0.473030303030303,1.1185368579861343,0.47303030303030325,1.0498997779810053,0.511818181818182,1.0102796857928162
52,0.20858585858585865,2.0366053252954455,0.3241414141414142,1.908222372180724,0.3661616161616163,1.7662450843703126,0.42919191919191935,1.6845063001127492,0.4396969696969698,1.5654773066769843,0.4502020202020204,1.4529299715674489,0.4817171717171719,1.3828318242227813,0.48171717171717193,1.2251268487280607,0.4817171717171717,1.1203696516349504,0.48171717171717193,1.050813807276442,0.5196969696969698,1.010535449122241
53,0.21202020202020208,2.0385762479398197,0.3297979797979798,1.9120970000734951,0.3726262626262628,1.7709122888440856,0.436868686868687,1.6903321182589925,0.44757575757575774,1.5713678834989344,0.4582828282828285,1.458366152658247,0.49040404040404056,1.3885417741719677,0.4904040404040406,1.2289220292234706,0.4904040404040404,1.1222736016159316,0.4904040404040406,1.0517794065034762,0.5275757575757577,1.0108152944684627
54,0.21545454545454554,2.0405510594192395,0.33545454545454545,1.9160282467394922,0.37909090909090926,1.7756903459633322,0.4445454545454547,1.696272006616859,0.4554545454545456,1.577392378244852,0.4663636363636366,1.4639738555311148,0.49909090909090925,1.394445614717137,0.4990909090909093,1.2328660504670457,0.4990909090909091,1.124258628991471,0.4990909090909093,1.052802558854142,0.5354545454545456,1.0111219268023097
55,0.21888888888888897,2.042529621413861,0.34111111111111114,1.9200170742508964,0.3855555555555557,1.780580420909659,0.4522222222222224,1.7023304662415921,0.4633333333333335,1.583555677455585,0.47444444444444467,1.469760146180093,0.5077777777777779,1.4005532820978992,0.507777777777778,1.236970056597943,0.5077777777777778,1.1263352385028997,0.507777777777778,1.0538895566566362,0.5433333333333334,1.011458174657673
56,0.2223232323232324,2.044511812788809,0.3467676767676768,1.9240644532868967,0.3920202020202022,1.7855835702198677,0.4598989898989901,1.7085121774792962,0.47121212121212136,1.5898628510401978,0.48252525252525275,1.4757322624652731,0.5164646464646467,1.406875050755899,0.5164646464646467,1.2412456913051633,0.5164646464646465,1.1285145185704843,0.5164646464646467,1.0550470013753188,0.5512121212121214,1.011826990131507
57,0.22575757575757582,2.0464975295941823,0.3524242424242424,1.928171363133691,0.39848484848484866,1.7907007417859546,0.46757575757575776,1.7148219999669374,0.47909090909090923,1.5963191522759725,0.4906060606060608,1.481897614112798,0.5251515151515154,1.4134215333348141,0.5251515151515154,1.245705097827552,0.5251515151515151,1.1308081412934297,0.5251515151515154,1.056281803610714,0.5590909090909093,1.012231448883829
58,0.22919191919191928,2.048486685065049,0.3580808080808081,1.9323387916844845,0.4049494949494951,1.7959327748551122,0.4752525252525254,1.7212649726323426,0.4869696969696971,1.6029300178084092,0.4986868686868689,1.4882637827148608,0.533838383838384,1.4202036806803566,0.5338383838383841,1.2503609189537983,0.5338383838383838,1.133228362449877,0.5338383838383841,1.057601183099509,0.5669696969696971,1.01267475013772
59,0.2326262626262627,2.050479209621449,0.36373737373737375,1.936567735439491,0.4114141414141416,1.801280400029727,0.4829292929292931,1.7278463136942006,0.494848484848485,1.6097010676512244,0.506767676767677,1.4948385217297064,0.5425252525252526,1.4272327818402717,0.5425252525252527,1.2552262970224366,0.5425252525252526,1.1357880214969047,0.5425252525252527,1.0590126687145542,0.5748484848484849,1.0131602166793239
60,0.23606060606060614,2.052475050868393,0.36939393939393944,1.9408591995059328,0.41787878787878807,1.806744239267381,0.49060606060606077,1.7345714206620615,0.5027272727272729,1.6166381051863534,0.5148484848484851,1.5016297564816306,0.5512121212121215,1.434520464064339,0.5512121212121215,1.2603148739218448,0.5512121212121213,1.1385005415705285,0.5512121212121215,1.0605240984648645,0.5827272727272729,1.0136912948578478
61,0.23949494949494957,2.0544741735958625,0.3750505050505051,1.9452141975980395,0.4243434343434345,1.8123248058808517,0.4982828282828285,1.7414458703363362,0.5106060606060607,1.6237471171639482,0.5229292929292932,1.5086455841609792,0.5598989898989901,1.4420786928043705,0.5598989898989901,1.2656407910902456,0.5598989898989899,1.1413799294857006,0.5598989898989901,1.0621436194956175,0.5906060606060608,1.0142715545855616
62,0.24292929292929302,2.0564765597788117,0.3807070707070707,1.94963375203705,0.430808080808081,1.818022504538111,0.5059595959595962,1.7484754188082974,0.5184848484848487,1.6310342737023777,0.5310101010101013,1.51589427382415,0.5685858585858587,1.4499197717142134,0.5685858585858589,1.2712186895157056,0.5685858585858585,1.1444407757363106,0.5685858585858589,1.0638796880881543,0.5984848484848486,1.0149046893377995
63,0.24636363636363645,2.0584822085771646,0.3863636363636364,1.95411889375121,0.4372727272727275,1.8238376312623266,0.5136363636363639,1.7556660014600791,0.5263636363636366,1.63850592828823,0.5390909090909093,1.5233842663935917,0.5772727272727274,1.458056342649748,0.5772727272727275,1.277063709736136,0.5772727272727274,1.1476982544951855,0.5772727272727275,1.0657410696599794,0.6063636363636365,1.0155945161529576
64,0.24979797979797988,2.0604911363358163,0.39202020202020205,1.9586706622757744,0.44373737373737393,1.8297703734318607,0.5213131313131315,1.7630237329646765,0.5342424242424244,1.6461686177763086,0.5471717171717174,1.5311241746578037,0.5859595959595962,1.4665013856688884,0.5859595959595962,1.2831914918392922,0.585959595959596,1.1511681236140883,0.5859595959595962,1.0677368387647612,0.6142424242424245,1.0163449756324958
65,0.2532323232323233,2.062503376584634,0.3976767676767677,1.963290105753006,0.4502020202020204,1.8358208097802708,0.5289898989898991,1.770554907285946,0.5421212121212123,1.654029062389636,0.5552525252525256,1.5391227832713363,0.5946464646464649,1.475268219031582,0.594646464646465,1.2896181754627736,0.5946464646464646,1.1548667246237199,0.594646464646465,1.0698763790923316,0.6221212121212123,1.0171601319409376
66,0.2566666666666667,2.0645189800384554,0.4033333333333334,1.967978280932176,0.4566666666666669,1.8419889103963099,0.5366666666666668,1.7782659976786057,0.5500000000000002,1.6620941657194517,0.5633333333333336,1.547389048754791,0.6033333333333335,1.4843704991998103,0.6033333333333336,1.2963603997940245,0.6033333333333333,1.158810982733718,0.6033333333333336,1.0721693834686854,0.6300000000000001,1.018044172805869
67,0.26010101010101017,2.0665380145970897,0.408989898989899,1.9727362531695631,0.46313131313131334,1.8482745367239253,0.5443434343434346,1.786163656688235,0.5578787878787881,1.6703710147252129,0.5714141414141417,1.55593209949482,0.6120202020202024,1.4938222208375889,0.6120202020202024,1.3034353035703332,0.6120202020202021,1.1630184068326574,0.6120202020202024,1.0746258538559812,0.6378787878787882,1.0190014095179392
68,0.2635353535353536,2.0685605653453165,0.41464646464646465,1.9775650964284548,0.4695959595959598,1.8546774415622602,0.5520202020202022,1.794254716151274,0.5657575757575759,1.6788668797345931,0.5794949494949497,1.564761235744127,0.620707070707071,1.503637716810966,0.620707070707071,1.310860525078832,0.6207070707070708,1.1675070894880497,0.620707070707071,1.0772561013525412,0.645757575757576,1.0200362769308609
69,0.2669696969696971,2.070586734552888,0.42030303030303034,1.9824658932791466,0.47606060606060624,1.8611972690656526,0.5596969696969699,1.8025461871950252,0.5736363636363638,1.687589214443485,0.5875757575757579,1.573885929621466,0.6293939393939396,1.5138316581880247,0.6293939393939397,1.3186542021564982,0.6293939393939394,1.1722957069463436,0.6293939393939397,1.0800707461928511,0.6536363636363638,1.0211533334614102
70,0.2704040404040405,2.072616641674526,0.425959595959596,1.9874397348989417,0.48252525252525275,1.8678335547436353,0.5673737373737375,1.8110452602376514,0.5815151515151517,1.6965456559159975,0.5956565656565659,1.5833158251116426,0.6380808080808082,1.524419054238881,0.6380808080808084,1.3268349721901527,0.638080808080808,1.1774035191329248,0.6380808080808084,1.0830807177475597,0.6615151515151516,1.0223572610894258
71,0.27383838383838394,2.074650423349924,0.4316161616161617,1.992487721072152,0.4889898989898992,1.8745857254609368,0.5750505050505053,1.8197593049881777,0.5893939393939396,1.7057440245844577,0.603737373737374,1.5930607380655128,0.6467676767676771,1.5354152524356852,0.6467676767676771,1.335421972116461,0.6467676767676769,1.1828503696521164,0.6467676767676771,1.0862972545234795,0.6693939393939397,1.02365286535781
72,0.27727272727272734,2.0766882334037473,0.4372727272727273,1.997610960190098,0.49545454545454565,1.8814530994374798,0.582727272727273,1.8286958704464893,0.5972727272727274,1.71519232424941,0.611818181818182,1.6031306561999843,0.6554545454545457,1.546835938452621,0.6554545454545457,1.344434838421933,0.6554545454545455,1.188656685787178,0.6554545454545457,1.0897319041635867,0.6772727272727275,1.0250450753725284
73,0.2807070707070708,2.0787302428456313,0.44292929292929295,2.002810569251107,0.5019191919191921,1.8884348862483833,0.5904040404040406,1.837862684903334,0.6051515151515153,1.7248987420796158,0.6198989898989902,1.613535739098015,0.6641414141414144,1.5586971361659054,0.6641414141414145,1.3538937071429227,0.6641414141414141,1.1948434785003068,0.6641414141414145,1.0933965234470207,0.6851515151515153,1.0265389438026091
74,0.28414141414141425,2.0807766398701837,0.44858585858585864,2.008087673860516,0.5083838383838386,1.8955301868239605,0.5980808080808083,1.8472676559403203,0.6130303030303033,1.7348716486120546,0.6279797979797983,1.6242863182086142,0.672828282828283,1.57101520765379,0.6728282828282831,1.3638192138656284,0.6728282828282828,1.2014323424326363,0.6728282828282831,1.0973032782890844,0.6930303030303033,1.0281396468801443
75,0.28757575757575765,2.0828276298569826,0.4542424242424243,2.0134434082306685,0.5148484848484851,1.90273799344972,0.6057575757575759,1.8569188704299178,0.6209090909090911,1.745119597751923,0.6360606060606063,1.6353928968468423,0.6815151515151519,1.58380685319656,0.6815151515151519,1.374232493726093,0.6815151515151516,1.208445455904238,0.6815151515151519,1.1014646437412443,0.7009090909090911,1.0298524844002885
76,0.2910101010101011,2.0848834353705774,0.4598989898989899,2.018878915180918,0.5213131313131316,1.9100571897663654,0.6134343434343437,1.8668245945354582,0.628787878787879,1.755651326772635,0.6441414141414145,1.6468661501938104,0.6902020202020205,1.597089111276533,0.6902020202020205,1.385155181410203,0.6902020202020203,1.215905580914119,0.6902020202020205,1.1058934039911301,0.708787878787879,1.0316828797212603
77,0.29444444444444456,2.0869442961604885,0.4655555555555556,2.0243953461376254,0.527777777777778,1.9174865507697954,0.6211111111111114,1.876993273711134,0.6366666666666668,1.7664757563158224,0.6522222222222225,1.6587169252966807,0.6988888888888891,1.610879358578062,0.6988888888888892,1.3966094111536904,0.6988888888888889,1.2238360631402252,0.6988888888888892,1.1106026523625354,0.716666666666667,1.0336363797643409
78,0.29787878787878797,2.0890104691612077,0.47121212121212125,2.0299938611341584,0.5342424242424245,1.9250247428111043,0.628787878787879,1.8874335327019989,0.6445454545454548,1.7776019903913347,0.6603030303030306,1.6709562410686665,0.7075757575757577,1.625195309987533,0.7075757575757579,1.4086178167421304,0.7075757575757575,1.232260831939438,0.7075757575757579,1.1156057913154172,0.7245454545454548,1.0357186550138746
79,0.3013131313131314,2.091082228492198,0.4768686868686869,2.0356756288108953,0.5407070707070709,1.9326703235965803,0.6364646464646467,1.8981541755439684,0.6524242424242426,1.7890393163772378,0.6683838383838386,1.6835952882890313,0.7162626262626266,1.6400550185933658,0.7162626262626266,1.4212035315109426,0.7162626262626264,1.2412044003475768,0.7162626262626266,1.1209165324458952,0.7324242424242426,1.0379354995172692
80,0.3047474747474748,2.0931598654578933,0.4825252525252526,2.041441826415221,0.5471717171717174,1.9404217421877084,0.6441414141414143,1.9091641855638186,0.6603030303030305,1.8007972050198164,0.6764646464646468,1.696645429603091,0.7249494949494952,1.6554768756860132,0.7249494949494952,1.4343901883453918,0.724949494949495,1.2506918650793977,0.7249494949494952,1.1265488964862538,0.7403030303030305,1.0402928308849955
81,0.3081818181818183,2.0952436885476993,0.4881818181818182,2.047293639801529,0.5536363636363639,1.9482773390011672,0.6518181818181821,1.9204727253791882,0.6681818181818184,1.8128853104335718,0.6845454545454549,1.7101181995222112,0.7336363636363639,1.671479610757963,0.733636363636364,1.448201919680586,0.7336363636363636,1.2607489065285935,0.733636363636364,1.1325172133049402,0.7481818181818185,1.0427966902905879
82,0.31161616161616174,2.097334023435992,0.49383838383838385,2.0532322634312203,0.5601010101010103,1.956235345808831,0.6594949494949497,1.932089136898576,0.6760606060606063,1.825313470101223,0.6926262626262629,1.724025304423809,0.7423232323232327,1.6880822915037361,0.7423232323232327,1.4626633575014782,0.7423232323232323,1.2714017887677946,0.7423232323232327,1.1388361219065652,0.7560606060606063,1.0454532424706433
83,0.31505050505050514,2.099431212982118,0.49949494949494955,2.059258900372706,0.5665656565656568,1.9642938857377696,0.6671717171717174,1.9440229413213428,0.6839393939393942,1.8380917048737067,0.7007070707070711,1.738378622551353,0.7510101010101013,1.7053043238198866,0.7510101010101013,1.4777996333428651,0.7510101010101011,1.2826773595485683,0.7510101010101013,1.1455205704319027,0.7639393939393941,1.0482687757248226
84,0.3184848484848486,2.101535617230398,0.5051515151515151,2.0653747623014027,0.5730303030303032,1.9724509732702469,0.6748484848484851,1.9562838391377104,0.691818181818182,1.8512302189701764,0.7087878787878791,1.7531902040143612,0.75969696969697,1.7231654518050032,0.7596969696969701,1.4936363782893889,0.7596969696969698,1.2946030503014185,0.7596969696969701,1.1525858161578908,0.7718181818181822,1.0512497019158489
85,0.321919191919192,2.10364761341012,0.5108080808080808,2.0715810694997367,0.5794949494949497,1.9807045142437232,0.6825252525252528,1.968881710128762,0.6996969696969699,1.8647393999780038,0.7168686868686872,1.7684722707884044,0.7683838383838386,1.7416857577597076,0.7683838383838387,1.5101997229755342,0.7683838383838384,1.307206876135787,0.7683838383838387,1.1600474254976303,0.77969696969697,1.0544025564695094
86,0.32535353535353545,2.1057675959355464,0.5164646464646465,2.077879050857143,0.5859595959595962,1.9890523058508525,0.6902020202020205,1.9818266133664424,0.7075757575757577,1.8786298188527777,0.7249494949494952,1.7842372167151033,0.7770707070707075,1.7608856621866562,0.7770707070707075,1.527516297585632,0.777070707070707,1.3205174358400513,0.7770707070707075,1.1679212740003861,0.7875757575757578,1.057733998374654
87,0.3287878787878789,2.1078959764059086,0.5221212121212122,2.0842699438700643,0.5924242424242426,1.9974920366394848,0.6978787878787881,1.995128787213557,0.7154545454545457,1.892912229918305,0.7330303030303034,1.8004976075021304,0.7857575757575761,1.7807859237905377,0.7857575757575761,1.5456132318538556,0.7857575757575759,1.3345639118815276,0.7857575757575761,1.1762235463515864,0.7954545454545456,1.0612508101831961
88,0.3322222222222223,2.1100331836054096,0.5277777777777779,2.0907549946419497,0.5988888888888891,2.006021286512665,0.7055555555555558,2.008798649323774,0.7233333333333336,1.907597570866609,0.7411111111111115,1.817266180723208,0.7944444444444447,1.8014076394780751,0.7944444444444448,1.5645181550642244,0.7944444444444445,1.3493760704064675,0.7944444444444448,1.1849707363728228,0.8033333333333337,1.0649598980101118
89,0.33565656565656576,2.112179663503225,0.5334343434343434,2.097335457883259,0.6053535353535356,2.0146375267286336,0.7132323232323234,2.0228467966416215,0.7312121212121214,1.922696962757931,0.7491919191919195,1.8345558458181097,0.8031313131313134,1.822772244358026,0.8031313131313135,1.5842591960506005,0.8031313131313131,1.36498426124006,0.8031313131313135,1.1941796470218504,0.8112121212121215,1.068868291533441
90,0.3390909090909092,2.1143358792534994,0.5390909090909091,2.104012596911459,0.611818181818182,2.023338119900825,0.7209090909090912,2.037284005402489,0.7390909090909094,1.9382217100207302,0.7572727272727277,1.8523796840926612,0.8118181818181822,1.8449015117411813,0.8118181818181822,1.6048649831966921,0.8118181818181818,1.3814194178864327,0.8118181818181822,1.2038673903925876,0.8190909090909093,1.0729831439942863
91,0.3425252525252526,2.11650231119535,0.5447474747474748,2.110787683651025,0.6182828282828285,2.03212031999787,0.7285858585858589,2.0521212311326287,0.7469696969696972,1.9541833004516822,0.7653535353535357,1.870750948718738,0.8205050505050508,1.867817553140364,0.8205050505050508,1.6263646444360496,0.8205050505050506,1.3987130575286488,0.8205050505050508,1.2140513877151164,0.8269696969696974,1.0773117321968138
92,0.3459595959595961,2.1186794568528646,0.5504040404040405,2.11766199863344,0.624747474747475,2.0409812723435934,0.7362626262626265,2.067369608649152,0.7548484848484851,1.9705934052156813,0.7734343434343438,1.889683064734267,0.8291919191919195,1.8915428182704326,0.8291919191919196,1.6487878072520696,0.8291919191919193,1.4168972810287075,0.8291919191919196,1.224749369355683,0.8348484848484852,1.0818614565082523
93,0.3493939393939395,2.1208678309351026,0.5560606060606061,2.1246368309971952,0.6312121212121214,2.0499180136170154,0.7439393939393942,2.0830404520600347,0.7627272727272729,1.9874638788458385,0.7815151515151518,1.909189629043226,0.8378787878787881,1.9161000950482794,0.8378787878787882,1.6721645986779916,0.8378787878787879,1.4360047729275478,0.8378787878787882,1.2359793748166956,0.842727272727273,1.0866398408588946
94,0.35282828282828294,2.1230679653360944,0.5617171717171718,2.131713478487791,0.637676767676768,2.0589274718523525,0.7516161616161618,2.0991452547641103,0.7706060606060608,2.0048067592434826,0.78959595959596,1.9292844104156441,0.846565656565657,1.94151250959283,0.846565656565657,1.6965256452969002,0.8465656565656565,1.4560688014450431,0.846565656565657,1.2477597527367272,0.8506060606060608,1.0916545327420961
95,0.3562626262626264,2.1252804091348407,0.5673737373737375,2.1388932474577347,0.6441414141414145,2.068006466439014,0.7592929292929296,2.115695689451076,0.7784848484848487,2.0226342676781597,0.797676767676768,1.9499813494876004,0.8552525252525256,1.9678035262250422,0.8552525252525256,1.7219020732417238,0.8552525252525254,1.4771232184800063,0.8552525252525256,1.2601091608905135,0.8584848484848489,1.0969133032142755
96,0.3596969696969698,2.1275057285953145,0.573030303030303,2.146177452866542,0.6506060606060609,2.077151708121607,0.7669696969696973,2.1327036081014903,0.7863636363636366,2.0409588087876336,0.8057575757575761,1.9712945587612265,0.8639393939393942,1.9949969474679097,0.8639393939393943,1.7483255081952365,0.863939393939394,1.4992024596101845,0.8639393939393943,1.273046566188954,0.8663636363636367,1.1024240468949147
97,0.36313131313131325,2.12974450716646,0.5786868686868687,2.153567418280737,0.6570707070707074,2.086359798999931,0.7746464646464649,2.1501810419867713,0.7942424242424245,2.0597929705778855,0.8138383838383842,1.9932383226047037,0.8726262626262631,2.0231169140464598,0.8726262626262631,1.775828075390054,0.8726262626262626,1.5223415440922636,0.8726262626262631,1.286591244679112,0.8742424242424245,1.1081947819665587
98,0.36656565656565665,2.131997345482191,0.5843434343434344,2.1610644758738524,0.6635353535353539,2.095627232528983,0.7823232323232326,2.1681402016692006,0.8021212121212123,2.079149524423113,0.8219191919191923,2.0158270972522647,0.8813131313131317,2.0521879048877514,0.8813131313131317,1.8044423996086385,0.8813131313131313,1.546576074861867,0.8813131313131317,1.3007627815442129,0.8821212121212125,1.1142336501748162
99,0.3700000000000001,2.1342648613613946,0.5900000000000001,2.1686699664264286,0.6700000000000003,2.104950393518953,0.7900000000000003,2.18659347700192,0.8100000000000003,2.0990414250657334,0.8300000000000003,2.039075510804193,0.8900000000000003,2.082234737120879,0.8900000000000003,1.8342016051832957,0.8900000000000001,1.5719422385335549,0.8900000000000003,1.3155810711036473,0.8900000000000003,1.1205489168283582
