name,2324-T39,2324-T39,A357-T6 (UNCHILLED),A357-T6 (UNCHILLED),"7178-T6,T651","7178-T6,T651",A357-T6 (CHILLED),A357-T6 (CHILLED),"7075-T6,T651","7075-T6,T651",7150-T651,7150-T651,"7079-T6,T651","7079-T6,T651","7075-T73,T7351","7075-T73,T7351","7475-T61,T651","7475-T61,T651","7475,T761,T7651","7475,T761,T7651","2024-T3,T351","2024-T3,T351"
axis,t,$K_c \text{ ksi}\sqrt{\text{in}} $,t,$K_c \text{ ksi}\sqrt{\text{in}} $,t,$K_c \text{ ksi}\sqrt{\text{in}} $,t,$K_c \text{ ksi}\sqrt{\text{in}} $,t,$K_c \text{ ksi}\sqrt{\text{in}} $,t,$K_c \text{ ksi}\sqrt{\text{in}} $,t,$K_c \text{ ksi}\sqrt{\text{in}} $,t,$K_c \text{ ksi}\sqrt{\text{in}} $,t,$K_c \text{ ksi}\sqrt{\text{in}} $,t,$K_c \text{ ksi}\sqrt{\text{in}} $,t,$K_c \text{ ksi}\sqrt{\text{in}} $
0,0.005696734,153.5199857773237,0.003006716,28.29419939192313,0.001957418,33.37333987042327,0.003559982,34.97023666974581,0.002634692,49.925733254783786,0.005649038,54.7414393360199,0.002901786,58.6499900670231,0.003932005,63.229681868006416,0.003750763,84.60876654504747,0.003331044,106.65946137674968,0.005620421,144.23257837107363
1,0.017546092202020202,153.6055350500231,0.014878813808080807,28.1954632881292,0.013866708555555555,33.11467175350242,0.015460311606060605,34.91231214176316,0.01451478721212121,49.80178677084678,0.01747719827272727,54.65447186997087,0.014777737979797978,58.54613847689895,0.01581258198989899,63.224517251150864,0.015628834777777777,84.28854874885123,0.015209308484848484,106.42369974734777,0.017486448494949496,144.3179746364807
2,0.029395450404040402,153.65548725238895,0.026750911616161614,28.07239768928493,0.02577599911111111,32.85675644971979,0.02736064121212121,34.82310483334628,0.026394882424242424,49.68012848053491,0.029305358545454546,54.56314280519865,0.026653689959595956,58.438229425287005,0.027693158979797978,63.212597387870375,0.027506906555555558,83.97276578887076,0.027087572969696966,106.17914248142849,0.029352475989898992,144.3710405657384
3,0.041244808606060605,153.67029591818095,0.03862300942424242,27.926446187361726,0.03768528966666667,32.5997173207886,0.03926097081818182,34.704302418579054,0.03827497763636364,49.56068576471793,0.041133518818181815,54.467689168246764,0.03852964193939394,58.32639864187453,0.039573735969696974,63.194237802439176,0.039384978333333334,83.66116118371119,0.03896583745454545,105.92605863870547,0.041218503484848484,144.39201609579104
4,0.05309416680808081,153.65042040159983,0.05049510723232323,27.759022262639352,0.049594580222222226,32.343675138532866,0.051161300424242426,34.55755927325512,0.05015507284848485,49.443387238093955,0.05296167909090909,54.36834276843662,0.050405593919191916,58.21077992337305,0.05145431295959596,63.16974758567527,0.05126305011111111,83.3534845161487,0.05084410193939393,105.66471363408128,0.053084530979797984,144.38115201961625
5,0.064943525010101,153.59632587728714,0.062367205040404036,27.5715092837059,0.06150387077777778,32.088748084887364,0.06306163003030303,34.38449647487784,0.06203516806060606,49.32816274918948,0.06478983936363636,54.265330197867485,0.06228154589898989,58.091505133518275,0.06333488994949495,63.13942939494047,0.06314112188888889,83.04949143313056,0.06272236642424242,105.39536923764742,0.06495055847474748,144.33870998622513
6,0.0767928832121212,153.5084833403254,0.07423930284848484,27.365260507457798,0.07341316133333334,31.835051751897648,0.07496195963636364,34.186701802660345,0.07391526327272727,49.21494338035935,0.07661799963636362,54.15887283141651,0.07415749787878788,57.96870420307014,0.07521546693939395,63.1035794541404,0.07501919366666668,82.7489436457751,0.07460063090909091,105.11828357468431,0.07681658596969697,144.26496250066205
7,0.08864224141414141,153.38736960623808,0.08611140065656565,27.14159907909982,0.08532245188888889,31.582699141720056,0.08686228924242424,33.96572973752546,0.08579535848484847,49.10366144778677,0.0884461599090909,54.04918682673871,0.08603344985858585,57.84250512981281,0.08709604392929293,63.062487553724466,0.08689726544444445,82.45160892937177,0.0864788953939394,104.83371112566131,0.08868261346464647,144.16019292400486
8,0.10049159961616161,153.2334673109896,0.09798349846464646,26.901818032145066,0.09723174244444445,31.331800666621696,0.09876261884848485,33.723101462105774,0.09767545369696969,48.99425050148331,0.10027432018181817,53.93648312426699,0.09790940183838383,57.713033978554634,0.09897662091919192,63.01643705068589,0.09877533722222223,82.15726112338106,0.09835715987878788,104.5419027262367,0.10054864095959597,144.02469547336477
9,0.1123409578181818,153.0472649109853,0.10985559627272727,26.647180288414987,0.10914103300000001,31.08246414898045,0.11066294845454545,33.46030486074363,0.1095555489090909,48.8866453252889,0.11210248045454545,53.820967447212105,0.1097853538181818,57.58041488112822,0.1108571979090909,62.96570486856165,0.11065340900000001,81.86568013143454,0.11023542436363636,104.24310556725769,0.11241466845454547,143.85877522188633
10,0.12419031602020202,152.8292566830714,0.12172769408080808,26.37891865803936,0.12105032355555556,30.834794821284977,0.12256327806060606,33.178794519491085,0.1214356441212121,48.78078193687185,0.12393064072727272,53.7028403015627,0.12166130579797978,57.444770036390366,0.12273777489898989,62.91056149743259,0.12253148077777778,81.57665192133491,0.12211368884848484,103.93756319476041,0.12428069594949497,143.66274809874747
11,0.13603967422222224,152.57994272453516,0.13359979188888887,26.09823583945631,0.1329596141111111,30.588895326134715,0.13446360766666665,32.87999172610994,0.13331573933333332,48.67659758772879,0.13575880099999998,53.5822969760853,0.13353725777777775,57.306219710222095,0.13461835188888888,62.851270993923286,0.13440955255555556,81.28996852505588,0.13399195333333333,103.62551550996997,0.13614672344444445,143.4369408891596
12,0.14788903242424242,152.2998289531047,0.14547188969696967,25.806304419412296,0.14486890466666666,30.344865716239866,0.14636393727272726,32.565284470071745,0.14519583454545454,48.57403076318476,0.14758696127272725,53.45952754232428,0.14541320975757574,57.16488223552863,0.14649892887878788,62.78809098120215,0.14628762433333334,81.0054280387423,0.14587021781818182,103.30719876930031,0.14801275093939392,143.18169123436732
13,0.15973839062626263,151.9894271069491,0.1573439875050505,25.50426687296211,0.15677819522222222,30.102803454421426,0.15826426687878786,32.236027442557784,0.15707592975757576,48.47302118239312,0.15941512154545454,53.33471685460191,0.1572891617373737,57.02087401223944,0.15837950586868685,62.7212726489814,0.15816569611111111,80.72283462271005,0.1577484823030303,102.98284558435441,0.15987877843434342,142.8973476316488
14,0.17158774882828284,151.6492547446784,0.1692160853131313,25.193235563468885,0.16868748577777776,29.862803413611154,0.17016459648484847,31.893542036459067,0.16895602496969694,48.373509798335625,0.1712432818181818,53.20804455001832,0.1691651137171717,56.87430950730819,0.17026008285858585,62.651060753517015,0.1700437678888889,80.44199850144612,0.16962674678787878,102.65268492192408,0.17174480592929292,142.58426943431556
15,0.18343710703030303,151.27983524534346,0.1810881831212121,24.874292742604098,0.18059677633333332,29.624957876851578,0.18206492609090907,31.539116346376368,0.18083612018181816,48.275438797822375,0.1830714420909091,53.07968504845152,0.18104106569696965,56.72530125471276,0.18214065984848482,62.57769361760881,0.18192183966666667,80.16273596360858,0.18150501127272725,102.31694210399014,0.18361083342424242,142.24282685171235
16,0.19528646523232324,150.88169780843623,0.1929602809292929,24.54849055034755,0.19250606688888888,29.38935653729602,0.19396525569696968,31.17400516862018,0.19271621539393938,48.178751601491825,0.19489960236363635,52.9498075525574,0.19291701767676764,56.57395985545526,0.19402123683838382,62.50140313060037,0.19379991144444444,79.88486936202658,0.19338327575757575,101.97583880772227,0.19547686091919192,141.87340094921746
17,0.20713582343434345,150.45537745388953,0.2048323787373737,24.2168510149874,0.20441535744444445,29.156086498208566,0.20586558530303029,30.799430001210744,0.2045963106060606,48.08339286381082,0.2067277626363636,52.81857604776971,0.20479296965656563,56.420393977562,0.20590181382828282,62.422414748379104,0.20567798322222222,79.60822711370032,0.20526154024242424,101.62959306547914,0.20734288841414142,141.4763836482425
18,0.21898518163636363,150.00141502207708,0.21670447654545452,23.880366053120124,0.216324648,28.925232272964074,0.2177659149090909,30.416579043878038,0.2164764058181818,47.98930847307453,0.2185559229090909,52.68614930230008,0.2166689216363636,56.264710356083526,0.2177823908181818,62.3409474933762,0.217556055,79.33264369980111,0.2171398047272727,101.2784192648083,0.21920891590909092,141.05217772623243
19,0.23083453983838384,149.5203571738136,0.22857657435353532,23.539997469650547,0.22823393855555554,28.69687578504819,0.2296662445151515,30.026607198061775,0.228356501030303,47.896445551406515,0.23038408318181816,52.55268086713801,0.22854487361616158,56.10701379309458,0.2296629678080808,62.257213954566645,0.22943412677777777,79.05795966567133,0.2290180692121212,100.92252814844626,0.23107494340404042,140.6011968166657
20,0.24268389804040405,149.01275639035467,0.24044867216161614,23.196676957791833,0.2401432291111111,28.471096368057324,0.2415665741212121,29.63063606691142,0.24023659624242422,47.804752454758685,0.24221224345454545,52.41831907605088,0.24042082559595954,55.947407157694144,0.24154354479797976,62.171420287469246,0.24131219855555555,78.78402162082445,0.24089633369696967,100.56212681431845,0.24294097089898992,140.123865409054
21,0.25453325624242423,148.4791709733969,0.25232076996969693,22.851306099065475,0.25205251966666664,28.247970765698664,0.2534669037272727,29.22975395528616,0.25211669145454546,47.71417877291131,0.2540404037272727,52.28320704558394,0.2522967775757575,55.7859913860054,0.25342412178787876,62.08376621414658,0.25319027033333336,78.510682238945,0.25277459818181813,100.1974187155392,0.2548069983939394,139.62061884894248
22,0.26638261444444444,147.9201650450777,0.2641928677777778,22.504756363301315,0.2639618102222222,28.02757313179018,0.26536723333333334,28.82501586975493,0.26399678666666665,47.62467532947303,0.265868564,52.14748267506032,0.26417272955555554,55.62286548117574,0.2653046987777778,61.99444502320504,0.26506834211111113,78.2378002578886,0.26465286266666666,99.82860366041183,0.2666730258888889,139.09190333790966
23,0.2782319726464646,147.3363085479756,0.2760649655858586,22.157869108637524,0.27587110077777777,27.80997503026061,0.277267562939394,28.417443518596407,0.27587688187878784,47.53619418188084,0.27769672427272724,52.011278646581005,0.2760486815353535,55.45812651337679,0.27718527576767676,61.90364356979481,0.2769464138888889,77.96524047968195,0.2765311271515151,99.45587781242853,0.2785390533838384,138.53817593356746
24,0.2900813308484848,146.72817724510986,0.2879370633939394,21.811455581520615,0.28778039133333333,27.595245435149472,0.28916789254545455,28.008025311799003,0.2877569770909091,47.4486886214001,0.2895248845454545,51.87472242502488,0.2879246335151515,55.29186961980439,0.2890658527575758,61.81154227560988,0.2888244856666667,77.69287377052284,0.28840939163636364,99.07943369027045,0.29040508087878786,137.95990454956114
25,0.301930689050505,146.09635271994085,0.29980916120202017,21.46629691670544,0.2996896818888889,27.383450730607056,0.30106822215151513,27.59771636106087,0.29963707230303027,47.36211317312453,0.3013530448181818,51.73793625804868,0.2998005854949495,55.12418800467857,0.30094642974747476,61.71831512888804,0.30070255744444446,77.42057706078012,0.3002876561212121,98.69946016780766,0.3022711083737374,137.35756795556935
26,0.31378004725252523,145.4414223763698,0.311681259010101,21.123144137255178,0.31159897244444446,27.17465471089443,0.31296855175757576,27.187438479789886,0.3115171675151515,47.27642359597621,0.3131812050909091,51.60103717608702,0.31167653747474744,54.95517293924363,0.31282700673737374,61.62412968441085,0.31258062922222224,77.14823334499373,0.3121659206060606,98.31614247409915,0.31413713586868686,136.73165577730413
27,0.32562940545454544,144.76397943873883,0.3235533568181818,20.782718154541364,0.323508263,26.968918580383438,0.3248688813636364,26.77808018310369,0.3233972627272727,47.19157688270559,0.32500936536363634,51.464136992352394,0.3235524894545454,54.78491376176803,0.3247075837272727,61.52914706350372,0.324458701,76.87573168187468,0.32404418509090904,97.92966219339286,0.3260031633636364,136.08266849651088
28,0.33747876365656565,144.06462295183107,0.3354254546262626,20.445709768243862,0.3354175535555555,26.766300953556694,0.336769210969697,26.370496687829657,0.3352773579393939,47.10753125989147,0.3368375256363636,51.32734230283518,0.3354284414343434,54.61349787754449,0.33658816071717174,61.43352195403581,0.3363367727777778,76.60296719430508,0.33592244957575756,97.54019726512564,0.33786919085858585,135.41111745096842
29,0.3493281218585858,143.34395778087054,0.3472975524343434,20.112779666350868,0.3473268441111111,26.566857855007598,0.34866954057575755,25.965509912504885,0.34715745315151514,47.02424618794103,0.34866568590909086,51.190754486303604,0.3473043934141414,54.44101075888991,0.3484687377070707,61.337402610420106,0.34821484455555557,76.32984106933812,0.34780071406060603,97.14792198392328,0.3497352183535354,134.71752483448893
30,0.361177480060606,142.60259461152225,0.35916965024242425,19.78455842515892,0.35923613466666665,26.370642719440315,0.3605698701818182,25.563908477376216,0.3590375483636363,46.94168236108978,0.3604938461818182,51.05446970430378,0.35918034539393934,54.267535945145426,0.3603493146969697,61.240930853613385,0.36009291633333335,76.05626055819802,0.3596789785454545,96.7530069996005,0.36160124584848485,134.00242369691796
31,0.3730268382626262,141.84114994989207,0.37104174805050505,19.461646509272903,0.3711454252222222,26.177706391669794,0.3724701997878788,25.166447704400248,0.37091764357575757,46.85980170740164,0.37232200645454544,50.91857890115969,0.37105629737373735,54.0931550426764,0.3722298916868687,61.14424207111622,0.3719709881111111,75.78213897628014,0.371557243030303,96.35561931716093,0.3734672733434344,133.26635794413446
32,0.38487619646464644,141.06024612252685,0.38291384585858584,19.144614271606027,0.3830547157777778,25.98809712662175,0.3843705293939394,24.7738496172433,0.38279773878787876,46.77856738876883,0.3841501667272727,50.7831678039732,0.3829322493535353,53.9179477248724,0.3841104686767677,61.04746521697298,0.3838490598888889,75.5073957031509,0.3834355075151515,95.95592229679714,0.38533330083838385,132.50988233805072
33,0.39672555466666665,140.2605112764144,0.39478594366666664,18.834001953379843,0.39496400633333334,25.80186058933268,0.396270859,24.38680294128143,0.39467783399999995,46.697943800911986,0.39597832699999996,50.64831692262405,0.3948082013333333,53.74199173214719,0.39599104566666665,60.95072281177185,0.3957271316666667,75.23195618254779,0.39531377199999995,95.55407565389065,0.3971993283333333,131.73356249661245
34,0.40857491286868686,139.4425793789834,0.40665804147474743,18.530319684124244,0.4068732968888889,25.61903985494986,0.4081711886060606,24.00596310360045,0.4065579292121212,46.61789657338009,0.4078064872727272,50.514101549769826,0.4066841533131313,53.565362871938795,0.4078716226565657,60.85413094264478,0.40760520344444445,74.95575192237938,0.4071920364848485,95.15023545901187,0.40906535582828285,130.93797489379875
35,0.42042427107070707,138.6070902181035,0.4185301392828283,18.23404748167745,0.41878258744444447,25.439675408731333,0.42007151821212124,23.631952232995893,0.4184380244242424,46.53839256955046,0.41963464754545454,50.38059176084602,0.41856010529292925,53.38813501870942,0.41975219964646465,60.75779926326756,0.41948327522222223,74.67872049472534,0.41907030096969694,94.74455413792015,0.4209313833232323,130.12370685962208
36,0.4322736292727272,137.7546894020853,0.4304022370909091,17.94563525218604,0.43069187800000003,25.263805146045918,0.4319718478181818,23.26535915997304,0.4303181196363636,46.45939988662881,0.4314628078181818,50.247852414065996,0.4304360572727272,53.21038011394549,0.4316327766363636,60.66183099385974,0.431361347,74.40080553583638,0.4309485654545454,94.3371804715638,0.43279741081818185,129.29135658012822
37,0.44412298747474743,136.8860283596803,0.4422743348989899,17.665502790104913,0.44260116855555554,25.091464372373224,0.4438721774242424,22.906739416746916,0.4421982148484848,46.380887855649206,0.44329096809090907,50.11594315042096,0.44231200925252523,53.032168166157675,0.44351335362626265,60.56632292118469,0.4432394187777778,74.12195674613434,0.44282682993939393,93.92825959608003,0.4446634383131313,128.44153309739644
38,0.45597234567676764,136.00176434008094,0.45414643270707067,17.394039778197307,0.4545104591111111,24.922685803303615,0.45577250703030303,22.556615237242276,0.454078310060606,46.30282704147406,0.4551191283636363,49.984918393680026,0.4541879612323232,52.85356725088083,0.4553939306161616,60.471365398549594,0.45511749055555556,73.84212989021212,0.4547050944242424,93.51793300279496,0.45652946580808085,127.57485630953934
39,0.46782170387878785,135.10256041292064,0.4660185305151515,17.131605787534802,0.46641974966666666,24.757499564538243,0.46767283663636366,22.215475557093622,0.46595840527272725,46.22518924279417,0.4669472886363636,49.85482735039017,0.46606391321212115,52.67464351067403,0.4672745076060606,60.377042345805386,0.46699556233333334,73.56128679683367,0.46658335890909086,93.10633853822368,0.4683954933030303,126.6919569707029
40,0.47967106208080806,134.18908546827373,0.4778906283232323,16.878530277497322,0.4783290402222222,24.595933191889024,0.47957316624242424,21.883776013645182,0.47783850048484844,46.14794749212868,0.4787754489090909,49.72571400987622,0.4779398651919191,52.495461155120594,0.47915508459595957,60.28343124934685,0.4788736341111111,73.27939535893405,0.47846162339393933,92.6936104040702,0.48026152079797985,125.79347669106646
41,0.4915204202828283,133.26201421665542,0.4897627261313131,16.635112595773116,0.4902383307777778,24.438011631278677,0.4914734958484848,21.561938945950942,0.4897185956969697,46.071076055825095,0.49060360918181817,49.59761714424092,0.4898158171717171,52.31608246082802,0.4910356615858586,60.190603162112524,0.4907517058888889,72.99642953361939,0.49033988787878785,92.27987915722744,0.4921275482929293,124.88006793684278
42,0.5033697784848484,132.32202718902195,0.5016348239393938,16.401621978358783,0.5021476213333333,24.283757238740655,0.5033738254545455,21.250353394774606,0.5015986909090909,45.99455043405929,0.5024317694545455,49.470570308364856,0.501691769151515,52.136567771428055,0.5029162385757575,60.09862270358479,0.5026297776666667,72.71236934216692,0.5022181523636363,91.86527170977725,0.5039935757878788,123.95239403027796
43,0.5152191366868687,131.36981073677043,0.5135069217474747,16.178297549559243,0.5140569118888889,24.13318978041923,0.515274155060606,20.949375102589634,0.5134787861212121,45.918347360835504,0.5142599297272727,49.3446018399065,0.5135677211313131,51.956975497576636,0.5147968155656566,60.007548059789784,0.5145078494444445,72.42720087002493,0.5140964168484847,91.44991132899044,0.5158596032828283,123.01112914965152
44,0.527068494888889,130.40605703173892,0.5253790195555555,15.965348321987776,0.5259662024444445,23.986326432569413,0.5271744846666666,20.659326513579217,0.5253588813333333,45.842444803986325,0.52608809,49.21973485930219,0.5254436731111111,51.77736211695394,0.5266773925555556,59.91743098329748,0.5263859212222223,72.14091626681277,0.5259746813333332,91.0339176373267,0.5277256307777779,122.05695832927631
45,0.5389178530909091,129.43146406620644,0.5372511173636363,15.762953196565984,0.537875493,23.843181781557014,0.5390748142727272,20.38049677363629,0.5372389765454545,45.76682196517271,0.5379162502727273,49.09598726976614,0.537319625090909,51.59778217426434,0.5385579695454545,59.82831679322161,0.538263993,71.85351374632091,0.5378529458181818,90.61740661243468,0.5395916582727274,121.09057745949865
46,0.5507672112929293,128.4467356528929,0.5491232151717171,15.57126096252381,0.5497847835555556,23.703767823858605,0.5509751438787879,20.113141730363516,0.5491190717575757,45.69145927988398,0.5497444105454545,48.973371757290444,0.549195577070707,51.418288281236435,0.5504385465353535,59.740244375219746,0.5501420647777778,71.56499758651088,0.5497312103030302,90.20049058715196,0.5514576857676768,120.11269328669813
47,0.5626165694949495,127.45258142495916,0.560995312979798,15.390390297399538,0.5616940741111112,23.568093966061546,0.5628754734848485,19.85748393307331,0.560999166969697,45.61633841743781,0.5615725708181818,48.85189579064506,0.561071529050505,51.23893111662305,0.5623191235252525,59.65324618149323,0.5620201365555556,71.27537812951529,0.5616094747878787,89.78327824950503,0.5633237132626263,119.12402341328779
48,0.5744659276969697,126.44971683600707,0.5728674107878787,15.22042976703979,0.5736033646666667,23.436167024863956,0.574775803090909,19.613712632787824,0.5728792621818182,45.541442280980256,0.573400731090909,48.73156162137783,0.572947481030303,51.059759426201204,0.5741997005151516,59.56734823078722,0.5738982083333334,70.98467178163784,0.5734877392727272,89.36587464270934,0.5751897407575758,118.12529629771403
49,0.58631528589899,125.43886316007931,0.5847395085959596,15.061437825599516,0.5855126552222223,23.307991227074744,0.5866761326969696,19.381983782238944,0.5847593573939394,45.46675500748571,0.5852288913636364,48.61236628381445,0.584823433010101,50.88082002277216,0.5860802775050505,59.48257010839065,0.5857762801111112,70.69290101335328,0.5853660037575756,88.94838116516925,0.5870557682525254,117.11725125445662
50,0.5981646441010101,124.42074749165961,0.5966116064040403,14.91344281554202,0.5974219457777779,23.183568209613593,0.5985764623030302,19.162420035868294,0.5966394526060605,45.39226196775694,0.5970570516363637,48.49430159505852,0.5966993849898989,50.70215778616137,0.5979608544949495,59.39892496613627,0.5976543518888889,70.40009435930747,0.5972442682424242,88.53089557047801,0.5989217957474748,116.10063845402874
51,0.6100140023030304,123.39610274567254,0.6084837042121212,14.776442967638935,0.6093312363333334,23.062897019510956,0.6104767919090909,18.955110749827234,0.6085195478181817,45.31794976642507,0.608885211909091,48.377354154991494,0.6085753369696969,50.52381566321853,0.6098414314848485,59.31641952240063,0.6095324236666667,70.10628641831734,0.6091225327272726,88.11351196741788,0.6107878232424243,115.07621892297692
52,0.6218633605050505,122.36566765748367,0.620355802020202,14.650406400970228,0.621240526888889,22.945974113908058,0.6223771215151515,18.760111981976888,0.620399643030303,45.2438062419496,0.6207133721818182,48.26150534627269,0.6204512889494949,50.34583466781752,0.6217220084747475,59.23505406210407,0.6214104954444445,69.8115178533709,0.6210007972121211,87.69632081996,0.6226538507373738,114.04476454388112
53,0.6337127187070707,121.33018678289946,0.6322278998282828,14.53527112292421,0.6331498174444445,22.83279336005691,0.634277451121212,18.577446491888075,0.6322797382424242,45.169820466618376,0.6325415324545455,48.14673133433932,0.6323272409292928,50.16825388085647,0.6336025854646464,59.15482243671073,0.6332885672222223,69.51583539162725,0.6328790616969696,87.27940894726441,0.6345198782323234,113.00705805535456
54,0.645562076909091,120.29041049816732,0.6440999976363636,14.43094502919753,0.6450591080000001,22.723346035320294,0.6461777807272727,18.407103740841407,0.6441598334545454,45.095982746547605,0.6443696927272727,48.03300306740647,0.6442031929090908,49.99111045025769,0.6454831624545454,59.07571206422855,0.645166639,69.21929182441654,0.644757326181818,86.86285952368013,0.6463859057272728,111.963893052044
55,0.6574114351111111,119.24709499997564,0.6559720954444445,14.337305903795171,0.6569683985555557,22.617620827171763,0.6580781103333333,18.249039891827177,0.6560399286666666,45.02228462168188,0.656197853,47.920286276467074,0.6560791448888889,49.81443959096776,0.6573637394444445,58.99770392920927,0.6570447107777778,68.92194600724004,0.6566355906666665,86.4467520787451,0.6582519332222223,110.91607398462949
56,0.6692607933131314,118.20100230545364,0.6678441932525252,14.25420141903046,0.6688776891111111,22.51560383319566,0.6699784399393939,18.103177809545464,0.6679200238787878,44.94871886579411,0.6680260132727273,47.80854147529197,0.6679550968686868,49.638274584957415,0.6692443164343435,58.920772582748434,0.6689227825555556,68.62386285977004,0.6685138551515151,86.03116249718619,0.6701179607171718,109.86441615982446
57,0.6811101515151515,117.1529002521716,0.679716291060606,14.181449135525051,0.6807869796666667,22.41727856108708,0.6818787695454545,17.96940706040607,0.6798001190909091,44.87527948648562,0.6798541735454545,47.69772396042985,0.6798310488484848,49.46264678122165,0.6811248934242424,58.844886142485365,0.6808008543333334,68.32511336585,0.6803921196363635,85.61616301891917,0.6819839882121213,108.80974574037572
58,0.6929595097171717,116.10356249814066,0.6915883888686868,14.118836502208937,0.6926962702222222,22.32262592865191,0.693779099151515,17.84758391252851,0.6916802143030303,44.801961725186054,0.6916823338181818,47.58778381120728,0.6917070008282827,49.28758559577966,0.6930054704141414,58.770006292603206,0.6926789261111111,68.02577457349436,0.692270384121212,85.20182223904875,0.6938500157070708,107.75289974506349
59,0.704808867919192,115.05376852181288,0.7034604866767676,14.066120856320463,0.7046055607777778,22.23162426380681,0.7056794287575757,17.737531335742094,0.7035603095151515,44.728762057153446,0.7035104940909092,47.47866588972871,0.7035829528080807,49.11311851167486,0.7048860474040404,58.696088283828885,0.7045569978888889,67.72592959488871,0.7041486486060605,84.78820510786859,0.7057160432020203,106.69472604870137
60,0.7166582261212121,114.00430362208132,0.7153325844848485,14.023029423406314,0.7165148513333334,22.14424930457922,0.7175797583636363,17.639039001585818,0.7154404047272727,44.655678191474166,0.7153386543636364,47.370309840876466,0.7154589047878787,48.93927107897488,0.7167666243939393,58.62308093343314,0.7164350696666667,67.42566760638971,0.7160269130909089,84.37537293086127,0.7175820706969698,105.63608338213629
61,0.7285075843232324,112.95595891827992,0.7272046822929292,13.98925931732148,0.7284241418888889,22.060474199107343,0.7294800879696969,17.551863283308442,0.7273204999393938,44.58270907106297,0.7271668146363637,47.262650092310736,0.7273348567676767,48.766066914771564,0.7286472013838384,58.55092662523049,0.7283131414444445,67.12508384852505,0.7279051775757575,83.96338336869827,0.7294480981919192,104.57784133224862
62,0.7403569425252525,111.90953135018358,0.7390767801010101,13.964477540229328,0.7403334324444445,21.980269505640166,0.7413804175757576,17.475727255868474,0.7392005951515151,44.50985487266296,0.7389949749090909,47.15561585446958,0.7392108087474747,48.593527703180975,0.7405277783737374,58.47956130957927,0.7401912132222223,66.82427962599357,0.739783442060606,83.55229043724005,0.7413141256868688,103.52088034195208
63,0.7522063007272728,110.86582367800813,0.7509488779090908,13.948320982601532,0.7522427230000001,21.903603192537453,0.7532807471818181,17.41032069593413,0.7510806903636363,44.43711700684562,0.7508231351818182,47.049131120568944,0.7510867607272727,48.4216731953434,0.7524083553636364,58.408914503381595,0.752069285,66.52336230766514,0.7516617065454544,83.14214450753596,0.7531801531818183,102.46609171019375
64,0.764055658929293,109.82564448241034,0.7628209757171717,13.940396423218122,0.7641520135555556,21.830440638269735,0.7651810767878787,17.3553000818834,0.7629607855757575,44.36449811801076,0.7626512954545455,46.94311466660263,0.7629627127070706,48.250521209423326,0.7642889323535353,58.33890929008341,0.7639473567777778,66.22244532658073,0.7635399710303029,82.73299230582427,0.7650461806767678,101.41437759195418
65,0.7759050171313131,108.78980816448794,0.7746930735252525,13.940280529167456,0.7760613041111112,21.76074463141833,0.7770814063939393,17.310288593803982,0.7748408807878787,44.29200208438658,0.7744794557272727,46.83748005134234,0.7748386646868686,48.08008763060947,0.7761695093434343,58.269462319674425,0.7758254285555556,65.92164817995237,0.7754182355151514,82.32487691353222,0.7769122081717172,100.36665099824717
66,0.7877543753333334,107.7591349457795,0.7865651713333333,13.947519855846252,0.7879705946666667,21.69447537067532,0.7889817359999999,17.274876113493324,0.7867209759999999,44.219634018029645,0.786307616,46.73213561633763,0.7867146166666665,47.910386411114764,0.7880500863333333,58.20048380868816,0.7877035003333334,65.6210964291632,0.7872964999999998,81.91783776727596,0.7887782356666667,99.32383579612
67,0.7996037335353535,106.73445086826463,0.7984372691414141,13.961630846959547,0.7998798852222223,21.631590464843576,0.8008820656060606,17.248619224458636,0.7986010712121212,44.14740026482486,0.7981357762727272,46.626984485915926,0.7985905686464645,47.74142957017635,0.7999306633232323,58.13187754020195,0.7995815721111111,65.32092169976742,0.7991747644848484,81.51191065886054,0.8006442631616163,98.28686670865325
68,0.8114530917373738,105.71658779436382,0.8103093669494948,13.9820998345207,0.8117891757777779,21.57204493283673,0.8127823952121211,17.23104121191684,0.8104811664242424,44.07530840448551,0.8099639365454545,46.52192456718254,0.8104665206262626,47.5732271940556,0.8118112403131313,58.0635408638369,0.8114596438888889,65.02126168149033,0.8110530289696969,81.10712773527999,0.8125102906565658,97.256689314961
69,0.8233024499393939,104.70638340693853,0.8221814647575757,14.008383038851422,0.8236984663333334,21.515791203679196,0.8246827248181817,17.221632062794594,0.8223612616363636,44.00336725055323,0.8217920968181818,46.416848550020646,0.8223424726060605,47.405787436038075,0.8236918173030303,57.99536469575793,0.8233377156666667,64.72226012822827,0.8229312934545453,80.70351749871725,0.8243763181515152,96.2342600501906
70,0.8351518081414142,103.70468120929114,0.8340535625656565,14.039906568581786,0.835607756888889,21.46277911650617,0.8365830544242424,17.219848465728315,0.8342413568484848,43.93158685039803,0.8336202570909091,46.31164390709131,0.8342184245858585,47.23911651643358,0.8355723942929293,57.92723351867375,0.8352157874444445,64.42406685804869,0.8348095579393938,80.30110480654415,0.8362423456464647,95.2205462055228
71,0.8470011663434344,102.71233052516493,0.8459256603737373,14.07606642065018,0.8475170474444446,21.412955920563604,0.848483384030303,17.22511381106416,0.846121452060606,43.85997848521826,0.8454484173636364,46.20619289383346,0.8460943765656564,47.073218722576144,0.8474529712828283,57.85902538183689,0.8470938592222222,64.1268377531901,0.8466878224242423,79.89991087132148,0.8481083731414143,94.21652592817175
72,0.8588505245454545,101.73018649874417,0.8577977581818181,14.116228480303329,0.8594263380000001,21.366266275208254,0.8603837136363636,17.236818190857978,0.8580015472727273,43.788554670040654,0.8572765776363637,46.10037254846388,0.8579703285454544,46.90809640882397,0.8593335482727272,57.79061190104365,0.858971931,63.830734760062136,0.8585660869090908,79.49995326079899,0.8599744006363638,93.223188221385
73,0.8706998827474748,100.75911009465403,0.8696698559898989,14.15972852109628,0.8713356285555556,21.322652249907627,0.8722840432424241,17.254318398875434,0.8698816424848484,43.7173291537203,0.8691047379090909,45.99405469197726,0.8698462805252524,46.74374999655952,0.8712141252626262,57.72185825863415,0.8708500027777778,63.53592588924546,0.8704443513939393,79.1012458979153,0.8718404281313132,92.24153294444346
74,0.8825492409494949,99.79996809796066,0.8815419537979797,14.205872204892469,0.8832449191111111,21.28205332424002,0.8841843728484847,17.276937930591874,0.8817617376969696,43.646316918940656,0.8809328981818182,45.88710592814614,0.8817222325050504,46.580177974189446,0.8830947022525253,57.65262320349229,0.8827280745555556,63.24258521549183,0.8823226158787878,78.70379906079802,0.8837064556262627,91.2725708126614
75,0.8943985991515152,98.85363311417106,0.8934140516060606,14.253935081863611,0.8951542096666667,21.244406387894493,0.8960847024545454,17.303966983192396,0.8936418329090908,43.57553418221352,0.8927610584545455,45.779387643520955,0.8935981844848484,46.417376897144635,0.8949752792424243,57.582759051045784,0.8946061463333334,62.950892877724094,0.8942008803636362,78.30761938276362,0.8955724831212122,90.31732339738647
76,0.9062479573535354,97.92098356923324,0.9052861494141413,14.303162590489784,0.9070635002222223,21.209645740670897,0.907985032060606,17.33466245557185,0.905521928121212,43.504998393879056,0.9045892187272727,45.670756007429986,0.9054741364646464,46.25534138788017,0.9068558562323232,57.51211168326614,0.9064842181111111,62.66103507903617,0.9060791448484847,77.91270985231753,0.9074385106161618,89.37682312599975
77,0.9180973155555555,97.00290370953613,0.9171582472222222,14.352770057559438,0.9189727907777778,21.177703092479845,0.9198853616666666,17.368247948334815,0.9174020233333333,43.43472823810582,0.916417379,45.561061971979406,0.9173500884444443,46.09406413587538,0.9187364332222222,57.44052054866866,0.9183622898888889,62.373204086693065,0.9179574093333333,77.51906981315415,0.9193045381111112,88.45211328191567
78,0.9299466737575758,96.10028360190957,0.929030345030303,14.401942698169306,0.9308820813333334,21.14850756334273,0.9317856912727273,17.403913763795604,0.9292821185454545,43.3647436328907,0.9282455392727272,45.45015127205326,0.9292260404242423,45.933535897633774,0.9306170102121212,57.367818662312445,0.9302403616666667,62.087598232130844,0.9298356738181817,77.12669496415674,0.9311705656060607,87.54424800458202
79,0.9417960319595959,95.21401913362436,0.9409024428383838,14.449835615724473,0.942791371888889,21.121985683391724,0.9436860208787878,17.4408169059783,0.9411622137575757,43.29506573005896,0.9400736995454545,45.33786442531347,0.9411019924040402,45.773745496683105,0.9424975872020201,57.29383260580041,0.9421184334444445,61.80442191095669,0.9417139383030302,76.73557735939752,0.9430365931010102,86.65429228948
80,0.9536453901616162,94.34501201239225,0.9527745406464646,14.495573801938368,0.9547006624444445,21.098061392869766,0.9555863504848484,17.478081080616658,0.9530423089696969,43.2257169152642,0.9519018598181819,45.22403673219981,0.9529779443838382,45.61467982357534,0.9543781641919191,57.21838252727924,0.9539965052222222,61.52388558294882,0.9535922027878786,76.34570540813766,0.9549026205959598,85.78332198812416
81,0.9654947483636364,93.49416976636584,0.9646466384545453,14.53825213683278,0.9666099530000001,21.076656042130587,0.967486680090909,17.51479669515424,0.9649224041818181,43.15672080798842,0.9637300200909091,45.10849827592995,0.9648538963636363,45.45632383588664,0.9662587411818182,57.14128214143945,0.965874577,61.24620577205657,0.9654704672727271,75.95706387482723,0.9667686480909092,84.93242380806247
82,0.9773441065656566,92.6624057441388,0.9765187362626262,14.576935388737791,0.9785192435555556,21.05768839163867,0.9793870096969696,17.55002085874434,0.9768024993939394,43.08810226154197,0.9755581803636364,44.99107392249944,0.9767298483434342,45.29866055821742,0.9781393181717172,57.06233872951532,0.9777526487777778,60.97160506640034,0.9773487317575756,75.56963387910523,0.9786346755858587,84.10269531287624
83,0.9891934647676768,91.8506391147456,0.988390834070707,14.610658214291867,0.9904285341111112,21.041074611969297,0.9912873393030303,17.582777382249926,0.9886825946060606,43.01988736306353,0.9873863406363637,44.871583320681665,0.9886058003232322,45.14167108219229,0.9900198951616161,56.981353139284955,0.9896307205555556,60.70031211827159,0.989226996242424,75.18339289579957,0.9905007030808082,83.29524492218022
84,1.0010428229696968,91.05979486766178,1.0002629318787877,14.638425158441779,1.0023378246666665,21.02672828380851,1.0031876689090908,17.6120567782438,1.0005626898181819,42.95210343352019,0.9992145009090909,44.749840902027934,1.00048175230303,44.985334566460054,1.001900472151515,56.89811978507025,1.0015087923333335,60.432561644132896,1.0011052607272726,74.79831475492715,1.0023667305757575,82.51119191162246
85,1.012892181171717,90.29080381280366,1.0121350296868685,14.659210654442665,1.014247115222222,21.014560397953126,1.0150879985151515,17.63681626100842,1.012442785030303,42.884779027707374,1.0110426611818182,44.62565588086739,1.0123577042828282,44.82962823669377,1.013781049141414,56.81242664773689,1.0133868641111112,60.168594424617886,1.012983525212121,74.41436964169375,1.0142327580707071,81.75166641288445
86,1.0247415393737374,89.54460258052862,1.0240071274949494,14.671959023857946,1.0261564057777777,21.004479355310753,1.0269883281212122,17.65597974653604,1.0243228802424242,42.817943934248866,1.0228708214545454,44.49883225430707,1.0242336562626262,44.67452738559071,1.0256616261313132,56.724055274694386,1.025264935888889,59.90865730453128,1.0248617896969696,74.03152409649408,1.0260987855656565,81.01780941368102
87,1.0365908975757576,88.82213362163492,1.0358792253030302,14.675584476559457,1.0380656963333332,20.99639096689976,1.0388886577272727,17.66843785252863,1.0362029754545454,42.75162917559682,1.0346989817272727,44.36916880223187,1.0361096082424242,44.520005372872326,1.037542203121212,56.63278077989601,1.0371430076666668,59.653003192848885,1.0367400541818181,73.64974101491181,1.037964813060606,80.31077275776039
88,1.0484402557777779,88.12434520736178,1.047751323111111,14.668971110727291,1.0499749868888888,20.990198453849292,1.0507889873333334,17.673047898397893,1.0480830706666666,42.68586700803176,1.046527142,44.236459087304574,1.0479855602222221,44.36603362528433,1.0494227801111111,56.53837184383886,1.0490210794444446,59.40189106271756,1.0486183186666667,73.2689796477195,1.0498308405555556,79.63171914490424
89,1.060289613979798,87.45219142938936,1.059623420919192,14.650972912849964,1.0618842774444444,20.985802447399276,1.062689316939394,17.66863390526527,1.0599631658787878,42.62069092166255,1.0583553022727272,44.100491454965834,1.05986151220202,44.212581636596624,1.06130335710101,56.440590713563815,1.0608991512222223,59.15558595145527,1.0604965831515152,72.88919560087867,1.061696868050505,78.9818221309275
90,1.0721389721818182,86.8066321998387,1.0714955187272726,14.62041375772424,1.073793568,20.983100988900418,1.0745896465454545,17.65398659596196,1.071843261090909,42.55613564042643,1.0701834625454545,43.96104903343417,1.071737464181818,44.05961696760334,1.073183934090909,56.339193202655565,1.0727772230000001,58.91435896055106,1.0723748476363637,72.51034083553974,1.0735628955454546,78.36226612767852
91,1.0839883303838385,86.18863325127182,1.0833676165353534,14.576087408455288,1.0857028585555555,20.98198952981418,1.0864899761515152,17.627863395028875,1.0837233563030302,42.49223712208901,1.0820116228181818,43.817909733705996,1.083613416161616,43.90710524612282,1.0850645110808081,56.233928691242596,1.084655294777778,58.67848725566503,1.084253112121212,72.13236366804209,1.085428923040404,77.77424640303916
92,1.0958376885858585,85.59916613669171,1.0952397143434343,14.516757516456604,1.097612149111111,20.98236093171282,1.098390305757576,17.588988428716696,1.0956034515151514,42.429032558244245,1.093839783090909,43.67084624955557,1.095489368141414,43.755010166997614,1.096945088070707,56.124540125997186,1.0965333665555557,58.448254066628394,1.0961313766060605,71.75520876991399,1.0972949505353535,77.21896908092441
93,1.1076870467878788,85.03920822954218,1.107111812151515,14.441157621449989,1.1095214396666666,20.984105466279367,1.1102906353636364,17.536052524985838,1.1074835467272726,42.36656037431446,1.1056679433636363,43.519626057535035,1.107365320121212,43.603293492094515,1.108825665060606,56.01076402013542,1.1084114383333334,58.22394868744341,1.108009641090909,71.37881716787268,1.1091609780303031,76.69765114128288
94,1.119536404989899,84.5097427237081,1.118983909959596,14.347991151465617,1.1214307302222222,20.987110815307616,1.122190964969697,17.46771321350643,1.119363641939394,42.30486022955033,1.1174961036363635,43.36401141697442,1.1192412721010099,43.4519150503045,1.120706242050505,55.89233045341717,1.1202895101111112,58.005866476283444,1.1198879055757576,71.00312624382431,1.1210270055252525,76.2115204200964
95,1.1313857631919193,84.01175863351521,1.1308560077676766,14.235931422841977,1.1333400207777777,20.991262070702152,1.1340912945757575,17.382594725658368,1.1312437371515152,42.24397301703092,1.1293242639090908,43.20375936998161,1.1311172240808078,43.300832737542784,1.132586819040404,55.76896307214612,1.132167581888889,57.79430885549292,1.131766170060606,70.62806973486394,1.132893033020202,75.76181560938029
96,1.1432351213939393,83.54625079373022,1.1427281055757574,14.103621640225917,1.1452493113333333,20.996441734478324,1.1459916241818182,17.279287994531245,1.1431238323636363,42.18394086366362,1.141152424181818,43.03862174144238,1.142993176060606,43.15000251674879,1.1444673960303031,55.64037908916975,1.1440456536666668,57.58958331158736,1.1436444345454546,70.2535777332756,1.1447590605151514,75.3497862571832
97,1.1550844795959596,83.11421985956072,1.1546002033838383,13.94967489657259,1.1571586018888889,21.00252971876226,1.157891953787879,17.15635065492443,1.1550039275757575,42.12480713018422,1.1529805844545455,42.86834513902036,1.154869128040404,42.99937841788616,1.156347973020202,55.50628928387934,1.1559237254444445,57.392003395253354,1.155522699030303,69.87957668653223,1.156625088010101,74.97669276758715
98,1.1669338377979799,82.71667230665528,1.1664723011919191,13.772674173145548,1.1690678924444444,21.009403345790865,1.1697922833939394,17.012307043347043,1.1668840227878787,42.06661641115684,1.1648087447272728,42.69267095315708,1.166745080020202,42.84891253794277,1.168228550010101,55.36639800220994,1.1678017972222223,57.20188872134859,1.1674009635151514,69.50598939729568,1.1684911155050506,74.64380640070755
99,1.178783196,82.35462043110338,1.178344399,13.571172339516588,1.180977183,21.016937347911814,1.181692613,16.845648198017937,1.178764118,42.00941453497398,1.176636905,42.5113353570719,1.178621032,42.69855504093068,1.180109127,55.22040315664044,1.179679869,57.0195649689018,1.179279228,69.13273502341673,1.180357143,74.35240927269318
